<?xml version = '1.0' encoding = 'UTF-8'?>
<Relation class="oracle.dbtools.crest.model.design.logical.Relation" name="possuirv2" directorySegmentName="seg_0" id="31AE60D5-91B0-67E7-9CBC-52EBB029DF98">
<createdBy>leoru</createdBy>
<createdTime>2022-05-23 22:14:20 UTC</createdTime>
<ownerDesignName>modelagem</ownerDesignName>
<engineerTo>
<item key="AB47B1E5-5046-889F-9937-B51B5AD9E44C" value="true"/>
</engineerTo>
<sourcePk>A15AF9E1-EA87-18E6-440E-0BE38BA8C260</sourcePk>
<identifying>true</identifying>
<optionalSource>true</optionalSource>
<optionalTarget>false</optionalTarget>
<sourceCardinality>1</sourceCardinality>
<sourceEntity>E02891E2-D28C-E3AF-234B-C87D4BBB71CB</sourceEntity>
<targetCardinalityString>*</targetCardinalityString>
<targetEntity>6AE8A7DE-9A2F-FBB2-5613-DE850ACF607D</targetEntity>
<transferable>true</transferable>
<deleteRule>NO ACTION</deleteRule>
</Relation>