<?xml version = '1.0' encoding = 'UTF-8'?>
<Relation class="oracle.dbtools.crest.model.design.logical.Relation" name="terv3" directorySegmentName="seg_0" id="4E98D381-D5BD-F528-1AB5-49DF439AA4AD">
<createdBy>leoru</createdBy>
<createdTime>2022-05-23 22:15:36 UTC</createdTime>
<ownerDesignName>modelagem</ownerDesignName>
<engineerTo>
<item key="AB47B1E5-5046-889F-9937-B51B5AD9E44C" value="true"/>
</engineerTo>
<sourcePk>52EBCC44-2373-0D60-F3BC-711F78B92903</sourcePk>
<identifying>false</identifying>
<optionalSource>true</optionalSource>
<optionalTarget>false</optionalTarget>
<sourceCardinality>1</sourceCardinality>
<sourceEntity>1A46FB14-E4BB-3EDE-D70D-59BD3C723D7E</sourceEntity>
<targetCardinalityString>1</targetCardinalityString>
<targetEntity>47708EBC-60E9-4F7A-D32D-A43A38CA7534</targetEntity>
<transferable>true</transferable>
<deleteRule>NO ACTION</deleteRule>
</Relation>