<?xml version = '1.0' encoding = 'UTF-8'?>
<Relation class="oracle.dbtools.crest.model.design.logical.Relation" name="terv5" directorySegmentName="seg_0" id="5750C686-206E-D40E-E247-21ECE66A9BAB">
<createdBy>leoru</createdBy>
<createdTime>2022-05-23 22:17:33 UTC</createdTime>
<ownerDesignName>modelagem</ownerDesignName>
<engineerTo>
<item key="AB47B1E5-5046-889F-9937-B51B5AD9E44C" value="true"/>
</engineerTo>
<sourcePk>93787E4F-0848-A82F-7F83-5F5EF0AB83BC</sourcePk>
<identifying>false</identifying>
<optionalSource>false</optionalSource>
<optionalTarget>false</optionalTarget>
<sourceCardinality>1</sourceCardinality>
<sourceEntity>47708EBC-60E9-4F7A-D32D-A43A38CA7534</sourceEntity>
<targetCardinalityString>*</targetCardinalityString>
<targetEntity>698B3F5B-5F93-EC7D-015E-72F53FF4CBD5</targetEntity>
<transferable>true</transferable>
<deleteRule>NO ACTION</deleteRule>
</Relation>