<?xml version = '1.0' encoding = 'UTF-8'?>
<Relation class="oracle.dbtools.crest.model.design.logical.Relation" name="Relation_31" directorySegmentName="seg_0" id="80B3BBE6-EAAE-1FD2-4AB3-C763F0027D51">
<createdBy>leoru</createdBy>
<createdTime>2022-05-23 22:08:38 UTC</createdTime>
<ownerDesignName>modelagem</ownerDesignName>
<engineerTo>
<item key="AB47B1E5-5046-889F-9937-B51B5AD9E44C" value="true"/>
</engineerTo>
<sourcePk>130AD793-E331-E998-D106-6A202AC6ECB6</sourcePk>
<arc>7FF4C56F-98A9-B048-2DE9-0E3E4FE3BC10</arc>
<dominantRole>9DB8F827-2D1C-8784-B0FC-F9CDD1494841</dominantRole>
<identifying>true</identifying>
<optionalSource>true</optionalSource>
<optionalTarget>false</optionalTarget>
<sourceCardinality>1</sourceCardinality>
<sourceEntity>9DB8F827-2D1C-8784-B0FC-F9CDD1494841</sourceEntity>
<targetCardinalityString>1</targetCardinalityString>
<targetEntity>E02891E2-D28C-E3AF-234B-C87D4BBB71CB</targetEntity>
<transferable>true</transferable>
<deleteRule>NO ACTION</deleteRule>
</Relation>