<?xml version = '1.0' encoding = 'UTF-8'?>
<Relation class="oracle.dbtools.crest.model.design.logical.Relation" name="terv1" directorySegmentName="seg_0" id="94560495-31BA-8C70-796F-3F53936037E0">
<createdBy>leoru</createdBy>
<createdTime>2022-05-23 22:18:03 UTC</createdTime>
<ownerDesignName>modelagem</ownerDesignName>
<engineerTo>
<item key="AB47B1E5-5046-889F-9937-B51B5AD9E44C" value="true"/>
</engineerTo>
<sourcePk>ECB92D36-FE01-F959-DE08-345336416F3F</sourcePk>
<identifying>false</identifying>
<optionalSource>false</optionalSource>
<optionalTarget>false</optionalTarget>
<sourceCardinality>1</sourceCardinality>
<sourceEntity>D8743627-7D01-B71C-E345-1F6F1335B78D</sourceEntity>
<targetCardinalityString>*</targetCardinalityString>
<targetEntity>698B3F5B-5F93-EC7D-015E-72F53FF4CBD5</targetEntity>
<transferable>true</transferable>
<deleteRule>NO ACTION</deleteRule>
</Relation>