<?xml version = '1.0' encoding = 'UTF-8'?>
<Relation class="oracle.dbtools.crest.model.design.logical.Relation" name="terv7" directorySegmentName="seg_0" id="9A70AC9E-1106-A4B2-8134-1A1217146074">
<createdBy>leoru</createdBy>
<createdTime>2022-05-23 22:19:37 UTC</createdTime>
<ownerDesignName>modelagem</ownerDesignName>
<engineerTo>
<item key="AB47B1E5-5046-889F-9937-B51B5AD9E44C" value="true"/>
</engineerTo>
<sourcePk>ECB92D36-FE01-F959-DE08-345336416F3F</sourcePk>
<identifying>false</identifying>
<optionalSource>false</optionalSource>
<optionalTarget>false</optionalTarget>
<sourceCardinality>1</sourceCardinality>
<sourceEntity>D8743627-7D01-B71C-E345-1F6F1335B78D</sourceEntity>
<targetCardinalityString>*</targetCardinalityString>
<targetEntity>A01DF03F-6E6B-E46A-6B56-4F68EC7C1F34</targetEntity>
<transferable>true</transferable>
<deleteRule>NO ACTION</deleteRule>
</Relation>