<?xml version = '1.0' encoding = 'UTF-8'?>
<Relation class="oracle.dbtools.crest.model.design.logical.Relation" name="Relation_35" directorySegmentName="seg_0" id="A3077278-14F8-4E7D-0C5D-A61870F904BE">
<createdBy>leoru</createdBy>
<createdTime>2022-05-23 22:13:47 UTC</createdTime>
<ownerDesignName>modelagem</ownerDesignName>
<engineerTo>
<item key="AB47B1E5-5046-889F-9937-B51B5AD9E44C" value="true"/>
</engineerTo>
<sourcePk>1062D3FF-F31C-3D13-643A-265F351834D2</sourcePk>
<identifying>false</identifying>
<optionalSource>true</optionalSource>
<optionalTarget>false</optionalTarget>
<sourceCardinality>1</sourceCardinality>
<sourceEntity>922770B8-4D76-F728-D0BD-FBF82FDAFDB3</sourceEntity>
<targetCardinalityString>*</targetCardinalityString>
<targetEntity>6AE8A7DE-9A2F-FBB2-5613-DE850ACF607D</targetEntity>
<transferable>true</transferable>
<deleteRule>NO ACTION</deleteRule>
</Relation>