<?xml version = '1.0' encoding = 'UTF-8'?>
<Relation class="oracle.dbtools.crest.model.design.logical.Relation" name="Relation_41" directorySegmentName="seg_0" id="A8DCB6A5-052D-5D6D-657F-7EF1223458C7">
<createdBy>leoru</createdBy>
<createdTime>2022-05-23 22:17:05 UTC</createdTime>
<ownerDesignName>modelagem</ownerDesignName>
<engineerTo>
<item key="AB47B1E5-5046-889F-9937-B51B5AD9E44C" value="true"/>
</engineerTo>
<sourcePk>59F6292B-775D-0957-A485-ADA83E78D67B</sourcePk>
<identifying>false</identifying>
<optionalSource>false</optionalSource>
<optionalTarget>false</optionalTarget>
<sourceCardinality>1</sourceCardinality>
<sourceEntity>29052EBB-E705-EABC-96DB-2E5F46FB9658</sourceEntity>
<targetCardinalityString>*</targetCardinalityString>
<targetEntity>A01DF03F-6E6B-E46A-6B56-4F68EC7C1F34</targetEntity>
<transferable>true</transferable>
<deleteRule>NO ACTION</deleteRule>
</Relation>