<?xml version = '1.0' encoding = 'UTF-8'?>
<Relation class="oracle.dbtools.crest.model.design.logical.Relation" name="Relation_37" directorySegmentName="seg_0" id="B9670A0D-A07D-1618-1596-32007AB5C23B">
<createdBy>leoru</createdBy>
<createdTime>2022-05-23 22:15:12 UTC</createdTime>
<ownerDesignName>modelagem</ownerDesignName>
<engineerTo>
<item key="AB47B1E5-5046-889F-9937-B51B5AD9E44C" value="true"/>
</engineerTo>
<sourcePk>67122C23-C228-671B-43BB-8BF220DBBC7B</sourcePk>
<identifying>false</identifying>
<optionalSource>true</optionalSource>
<optionalTarget>false</optionalTarget>
<sourceCardinality>1</sourceCardinality>
<sourceEntity>E1524B77-45CA-6C4A-A716-AF23E71BF699</sourceEntity>
<targetCardinalityString>*</targetCardinalityString>
<targetEntity>47708EBC-60E9-4F7A-D32D-A43A38CA7534</targetEntity>
<transferable>true</transferable>
<deleteRule>NO ACTION</deleteRule>
</Relation>