<?xml version = '1.0' encoding = 'UTF-8'?>
<Relation class="oracle.dbtools.crest.model.design.logical.Relation" name="Relation_40" directorySegmentName="seg_0" id="E2E3D450-6F8B-3304-F3CF-B1DE4D935A29">
<createdBy>leoru</createdBy>
<createdTime>2022-05-23 22:16:51 UTC</createdTime>
<ownerDesignName>modelagem</ownerDesignName>
<engineerTo>
<item key="AB47B1E5-5046-889F-9937-B51B5AD9E44C" value="true"/>
</engineerTo>
<sourcePk>AB373514-DE9F-A1EC-A888-ED2BF2DCD5EC</sourcePk>
<identifying>false</identifying>
<optionalSource>false</optionalSource>
<optionalTarget>false</optionalTarget>
<sourceCardinality>1</sourceCardinality>
<sourceEntity>4575F5DE-F534-863B-6CD1-357E7799A646</sourceEntity>
<targetCardinalityString>*</targetCardinalityString>
<targetEntity>A01DF03F-6E6B-E46A-6B56-4F68EC7C1F34</targetEntity>
<transferable>true</transferable>
<deleteRule>NO ACTION</deleteRule>
</Relation>