<?xml version = '1.0' encoding = 'UTF-8'?>
<Relation class="oracle.dbtools.crest.model.design.logical.Relation" name="possuir" directorySegmentName="seg_0" id="E8E1188F-3FE8-E399-A0DB-B544C78BE180">
<createdBy>leoru</createdBy>
<createdTime>2022-05-23 22:13:03 UTC</createdTime>
<ownerDesignName>modelagem</ownerDesignName>
<engineerTo>
<item key="AB47B1E5-5046-889F-9937-B51B5AD9E44C" value="true"/>
</engineerTo>
<sourcePk>A15AF9E1-EA87-18E6-440E-0BE38BA8C260</sourcePk>
<identifying>true</identifying>
<optionalSource>false</optionalSource>
<optionalTarget>false</optionalTarget>
<sourceCardinality>1</sourceCardinality>
<sourceEntity>E02891E2-D28C-E3AF-234B-C87D4BBB71CB</sourceEntity>
<targetCardinalityString>*</targetCardinalityString>
<targetEntity>312DEAF4-6F6A-8A95-8014-7105D9AA9231</targetEntity>
<transferable>true</transferable>
<deleteRule>NO ACTION</deleteRule>
</Relation>