<?xml version = '1.0' encoding = 'UTF-8'?>
<Relation class="oracle.dbtools.crest.model.design.logical.Relation" name="terv2" directorySegmentName="seg_0" id="F442C272-97E6-30C9-2259-29FA16E56267">
<createdBy>leoru</createdBy>
<createdTime>2022-05-23 22:09:20 UTC</createdTime>
<ownerDesignName>modelagem</ownerDesignName>
<engineerTo>
<item key="AB47B1E5-5046-889F-9937-B51B5AD9E44C" value="true"/>
</engineerTo>
<sourcePk>67122C23-C228-671B-43BB-8BF220DBBC7B</sourcePk>
<identifying>false</identifying>
<optionalSource>true</optionalSource>
<optionalTarget>false</optionalTarget>
<sourceCardinality>1</sourceCardinality>
<sourceEntity>E1524B77-45CA-6C4A-A716-AF23E71BF699</sourceEntity>
<targetCardinalityString>*</targetCardinalityString>
<targetEntity>1A46FB14-E4BB-3EDE-D70D-59BD3C723D7E</targetEntity>
<transferable>true</transferable>
<deleteRule>NO ACTION</deleteRule>
</Relation>