<?xml version = '1.0' encoding = 'UTF-8'?>
<Relation class="oracle.dbtools.crest.model.design.logical.Relation" name="ter" directorySegmentName="seg_0" id="FE7372FB-43F8-22F1-3DCC-AF3C4D90ACA6">
<createdBy>leoru</createdBy>
<createdTime>2022-05-23 22:09:47 UTC</createdTime>
<ownerDesignName>modelagem</ownerDesignName>
<engineerTo>
<item key="AB47B1E5-5046-889F-9937-B51B5AD9E44C" value="true"/>
</engineerTo>
<sourcePk>A15AF9E1-EA87-18E6-440E-0BE38BA8C260</sourcePk>
<identifying>false</identifying>
<optionalSource>true</optionalSource>
<optionalTarget>false</optionalTarget>
<sourceCardinality>1</sourceCardinality>
<sourceEntity>E02891E2-D28C-E3AF-234B-C87D4BBB71CB</sourceEntity>
<targetCardinalityString>*</targetCardinalityString>
<targetEntity>1A46FB14-E4BB-3EDE-D70D-59BD3C723D7E</targetEntity>
<transferable>true</transferable>
<deleteRule>NO ACTION</deleteRule>
</Relation>