<?xml version = '1.0' encoding = 'UTF-8'?>
<CollectionType class="oracle.dbtools.crest.model.design.datatypes.CollectionType" name="Goal" directorySegmentName="seg_0" id="DE2C2E4E-602E-A723-FDC5-7E38766E4E46">
<createdBy>leoru</createdBy>
<createdTime>2022-05-12 21:40:27 UTC</createdTime>
<ownerDesignName>modelagem</ownerDesignName>
<predefined>false</predefined>
<dataTypeDescr class="oracle.dbtools.crest.model.design.datatypes.CollectionType$DataTypeWrapper">
<size></size>
<type>DE2C2E4E-602E-A723-FDC5-7E38766E4E46</type>
<isreference>false</isreference>
</dataTypeDescr>
<maxElement>30</maxElement>
<type>ARRAY</type>
</CollectionType>