<?xml version = '1.0' encoding = 'UTF-8'?>
<MultidimensionalDesign class="oracle.dbtools.crest.model.design.multidimensional.MultidimensionalDesign" name="Multidimensional_1" id="A668D1F1-4238-00BB-5B2D-C4D89CA56407" mainViewID="3C5B0790-4035-AC18-114E-4DE9FA8D1A78" boundModel="BCAF27A9-910F-FB5E-0333-01DCF338F78C">
<createdBy>leoru</createdBy>
<createdTime>2022-05-12 21:39:52 UTC</createdTime>
<ownerDesignName>modelagem</ownerDesignName>
<shouldBeOpen>false</shouldBeOpen>
</MultidimensionalDesign>