<?xml version = '1.0' encoding = 'UTF-8'?>
<FKArc class="oracle.dbtools.crest.model.design.relational.FKArc" directorySegmentName="seg_0" id="6B529C14-1D02-AF0A-1476-F6FF2ACD6DA3" name="Arc_2">
<createdBy>leoru</createdBy>
<createdTime>2022-05-23 22:20:36 UTC</createdTime>
<ownerDesignName>modelagem</ownerDesignName>
<mandatory>false</mandatory>
<reverseArc>true</reverseArc>
<table>C22F84DF-02BA-BB59-1742-5308311E62A8</table>
<fkeys>
<fkeyID>608F51B1-E6DB-2252-03B2-EA9EDB4C0ADF</fkeyID>
<fkeyID>4AE46F5C-5AA0-431D-D0BE-664D308A4321</fkeyID>
<fkeyID>6313DF0E-BB74-69B4-7655-6A456CBA24D5</fkeyID>
</fkeys>
</FKArc>