<?xml version = '1.0' encoding = 'UTF-8'?>
<Entity class="oracle.dbtools.crest.model.design.logical.Entity" directorySegmentName="seg_0" id="1A46FB14-E4BB-3EDE-D70D-59BD3C723D7E" name="T_HT_APPOINTMENT">
<createdBy>leoru</createdBy>
<createdTime>2022-05-13 23:18:07 UTC</createdTime>
<ownerDesignName>modelagem</ownerDesignName>
<engineerTo>
<item key="AB47B1E5-5046-889F-9937-B51B5AD9E44C" value="true"/>
</engineerTo>
<adequatelyNormalized>NO</adequatelyNormalized>
<expectedVolumes>0</expectedVolumes>
<fwdEngineeringStrategyName>Single Table</fwdEngineeringStrategyName>
<growthPercent>0</growthPercent>
<growthType>Year</growthType>
<maxVolumes>9999999</maxVolumes>
<minVolumes>0</minVolumes>
<normalForm>Third</normalForm>
<attributes itemClass="oracle.dbtools.crest.model.design.logical.Attribute">
<Attribute name="id_appointment" id="68CABC09-E8BC-7BD7-81B0-0D294ED21EAA">
<createdBy>leoru</createdBy>
<createdTime>2022-05-23 22:20:02 UTC</createdTime>
<ownerDesignName>modelagem</ownerDesignName>
<engineerTo>
<item key="AB47B1E5-5046-889F-9937-B51B5AD9E44C" value="true"/>
</engineerTo>
<useDomainConstraints>false</useDomainConstraints>
<use>1</use>
<logicalDatatype>LOGDT027</logicalDatatype>
<ownDataTypeParameters>,,</ownDataTypeParameters>
</Attribute>
<Attribute name="doc_cfn" id="116D4776-09DA-9AEA-8996-EC255BADFC9C">
<createdBy>leoru</createdBy>
<createdTime>2022-05-23 22:09:20 UTC</createdTime>
<generatorID>F442C272-97E6-30C9-2259-29FA16E56267</generatorID>
<ownerDesignName>modelagem</ownerDesignName>
<engineerTo>
<item key="AB47B1E5-5046-889F-9937-B51B5AD9E44C" value="true"/>
</engineerTo>
<referedAttribute>6D03661E-1BA4-29B3-663F-6AD8FB5A5E1E</referedAttribute>
<useDomainConstraints>false</useDomainConstraints>
<use>1</use>
<logicalDatatype>LOGDT024</logicalDatatype>
<dataTypeSize>20</dataTypeSize>
<ownDataTypeParameters>,,</ownDataTypeParameters>
</Attribute>
<Attribute name="id_person" id="974CEDE3-EBCF-FD3D-5A19-879D64B32A6C">
<createdBy>leoru</createdBy>
<createdTime>2022-05-23 22:09:47 UTC</createdTime>
<generatorID>FE7372FB-43F8-22F1-3DCC-AF3C4D90ACA6</generatorID>
<ownerDesignName>modelagem</ownerDesignName>
<engineerTo>
<item key="AB47B1E5-5046-889F-9937-B51B5AD9E44C" value="true"/>
</engineerTo>
<referedAttribute>EBC8BB63-C10E-2FC7-FE5D-4D36DCD9A0B7</referedAttribute>
<useDomainConstraints>false</useDomainConstraints>
<use>1</use>
<logicalDatatype>LOGDT027</logicalDatatype>
<ownDataTypeParameters>,,</ownDataTypeParameters>
</Attribute>
<Attribute name="dt_appointment" id="DC6670C6-3411-9C0A-8A60-DF6843F5C813">
<createdBy>leoru</createdBy>
<createdTime>2022-05-13 23:19:44 UTC</createdTime>
<ownerDesignName>modelagem</ownerDesignName>
<engineerTo>
<item key="AB47B1E5-5046-889F-9937-B51B5AD9E44C" value="true"/>
</engineerTo>
<useDomainConstraints>false</useDomainConstraints>
<use>1</use>
<logicalDatatype>LOGDT008</logicalDatatype>
<ownDataTypeParameters>,,</ownDataTypeParameters>
</Attribute>
<Attribute name="ds_first_appointment" id="E1A057F3-7502-FAA8-4D08-9D3E35B1410E">
<createdBy>leoru</createdBy>
<createdTime>2022-05-13 23:20:20 UTC</createdTime>
<ownerDesignName>modelagem</ownerDesignName>
<engineerTo>
<item key="AB47B1E5-5046-889F-9937-B51B5AD9E44C" value="true"/>
</engineerTo>
<useDomainConstraints>false</useDomainConstraints>
<use>1</use>
<logicalDatatype>LOGDT006</logicalDatatype>
<dataTypeSize>1</dataTypeSize>
<ownDataTypeParameters>1,,</ownDataTypeParameters>
</Attribute>
</attributes>
<identifiers itemClass="oracle.dbtools.crest.model.design.logical.CandidateKey">
<identifier id="52EBCC44-2373-0D60-F3BC-711F78B92903" name="T_HT_APPOINTMENT PK">
<createdBy>leoru</createdBy>
<createdTime>2022-05-13 23:31:33 UTC</createdTime>
<ownerDesignName>modelagem</ownerDesignName>
<engineerTo>
<item key="AB47B1E5-5046-889F-9937-B51B5AD9E44C" value="true"/>
</engineerTo>
<pk>true</pk>
<usedAttributes>
<attributeRef>68CABC09-E8BC-7BD7-81B0-0D294ED21EAA</attributeRef>
</usedAttributes>
</identifier>
</identifiers>
</Entity>