<?xml version = '1.0' encoding = 'UTF-8'?>
<Entity class="oracle.dbtools.crest.model.design.logical.Entity" directorySegmentName="seg_0" id="22B51035-A907-3282-F6C7-3BF75C057372" name="T_HT_INSTRUCTOR">
<createdBy>leoru</createdBy>
<createdTime>2022-05-12 21:23:36 UTC</createdTime>
<ownerDesignName>modelagem</ownerDesignName>
<engineerTo>
<item key="AB47B1E5-5046-889F-9937-B51B5AD9E44C" value="true"/>
</engineerTo>
<adequatelyNormalized>NO</adequatelyNormalized>
<expectedVolumes>0</expectedVolumes>
<fwdEngineeringStrategyName>Single Table</fwdEngineeringStrategyName>
<growthPercent>0</growthPercent>
<growthType>Year</growthType>
<maxVolumes>9999999</maxVolumes>
<minVolumes>0</minVolumes>
<normalForm>Third</normalForm>
<attributes itemClass="oracle.dbtools.crest.model.design.logical.Attribute">
<Attribute name="doc_cref" id="74B84508-70F0-93A2-361C-51436A87A8F1">
<createdBy>leoru</createdBy>
<createdTime>2022-05-12 21:23:48 UTC</createdTime>
<ownerDesignName>modelagem</ownerDesignName>
<engineerTo>
<item key="AB47B1E5-5046-889F-9937-B51B5AD9E44C" value="true"/>
</engineerTo>
<useDomainConstraints>false</useDomainConstraints>
<use>1</use>
<logicalDatatype>LOGDT024</logicalDatatype>
<dataTypeSize>20</dataTypeSize>
<ownDataTypeParameters>20,,</ownDataTypeParameters>
</Attribute>
<Attribute name="id_person" id="86D2FE36-F54A-6110-D445-6B24D8D89072">
<createdBy>leoru</createdBy>
<createdTime>2022-05-23 22:07:09 UTC</createdTime>
<generatorID>F51EC557-2DE5-FEC1-68B1-DFD3855D493D</generatorID>
<ownerDesignName>modelagem</ownerDesignName>
<engineerTo>
<item key="AB47B1E5-5046-889F-9937-B51B5AD9E44C" value="true"/>
</engineerTo>
<referedAttribute>030CA461-2B5A-B89E-7FF6-EF21942FD1C1</referedAttribute>
<useDomainConstraints>false</useDomainConstraints>
<use>1</use>
<logicalDatatype>LOGDT027</logicalDatatype>
<ownDataTypeParameters>,,</ownDataTypeParameters>
</Attribute>
</attributes>
<identifiers itemClass="oracle.dbtools.crest.model.design.logical.CandidateKey">
<identifier id="B5F5FE7A-62FE-A939-6A85-EC7D56250D95" name="T_HT_INSTRUCTOR PK">
<createdBy>leoru</createdBy>
<createdTime>2022-05-12 21:25:01 UTC</createdTime>
<ownerDesignName>modelagem</ownerDesignName>
<engineerTo>
<item key="AB47B1E5-5046-889F-9937-B51B5AD9E44C" value="true"/>
</engineerTo>
<pk>true</pk>
<usedAttributes>
<attributeRef>74B84508-70F0-93A2-361C-51436A87A8F1</attributeRef>
</usedAttributes>
</identifier>
</identifiers>
</Entity>