<?xml version = '1.0' encoding = 'UTF-8'?>
<Entity class="oracle.dbtools.crest.model.design.logical.Entity" directorySegmentName="seg_0" id="312DEAF4-6F6A-8A95-8014-7105D9AA9231" name="T_HT_WEIGHT_RECORD">
<createdBy>leoru</createdBy>
<createdTime>2022-05-12 21:52:20 UTC</createdTime>
<ownerDesignName>modelagem</ownerDesignName>
<engineerTo>
<item key="AB47B1E5-5046-889F-9937-B51B5AD9E44C" value="true"/>
</engineerTo>
<adequatelyNormalized>NO</adequatelyNormalized>
<expectedVolumes>0</expectedVolumes>
<fwdEngineeringStrategyName>Single Table</fwdEngineeringStrategyName>
<growthPercent>0</growthPercent>
<growthType>Year</growthType>
<maxVolumes>9999999</maxVolumes>
<minVolumes>0</minVolumes>
<normalForm>Third</normalForm>
<attributes itemClass="oracle.dbtools.crest.model.design.logical.Attribute">
<Attribute name="id_weight_record" id="AC14ABF2-493D-4542-CC9A-9AC9C630F278">
<createdBy>leoru</createdBy>
<createdTime>2022-05-12 21:52:34 UTC</createdTime>
<ownerDesignName>modelagem</ownerDesignName>
<engineerTo>
<item key="AB47B1E5-5046-889F-9937-B51B5AD9E44C" value="true"/>
</engineerTo>
<useDomainConstraints>false</useDomainConstraints>
<use>1</use>
<logicalDatatype>LOGDT027</logicalDatatype>
<ownDataTypeParameters>,,</ownDataTypeParameters>
</Attribute>
<Attribute name="id_person" id="327B7C18-9D6F-DF0D-D162-B132BB3492A4">
<createdBy>leoru</createdBy>
<createdTime>2022-05-23 22:13:03 UTC</createdTime>
<generatorID>E8E1188F-3FE8-E399-A0DB-B544C78BE180</generatorID>
<ownerDesignName>modelagem</ownerDesignName>
<engineerTo>
<item key="AB47B1E5-5046-889F-9937-B51B5AD9E44C" value="true"/>
</engineerTo>
<referedAttribute>EBC8BB63-C10E-2FC7-FE5D-4D36DCD9A0B7</referedAttribute>
<useDomainConstraints>false</useDomainConstraints>
<use>1</use>
<logicalDatatype>LOGDT027</logicalDatatype>
<ownDataTypeParameters>,,</ownDataTypeParameters>
</Attribute>
<Attribute name="dt_date_record" id="ECA82BE0-C4C5-A59C-0DE3-DAF202312581">
<createdBy>leoru</createdBy>
<createdTime>2022-05-12 21:52:55 UTC</createdTime>
<ownerDesignName>modelagem</ownerDesignName>
<engineerTo>
<item key="AB47B1E5-5046-889F-9937-B51B5AD9E44C" value="true"/>
</engineerTo>
<useDomainConstraints>false</useDomainConstraints>
<use>1</use>
<logicalDatatype>LOGDT007</logicalDatatype>
<ownDataTypeParameters>,,</ownDataTypeParameters>
</Attribute>
<Attribute name="vl_weight" id="15BA6638-9A38-1234-AF98-BD6F3D92481F">
<createdBy>leoru</createdBy>
<createdTime>2022-05-12 21:53:36 UTC</createdTime>
<ownerDesignName>modelagem</ownerDesignName>
<engineerTo>
<item key="AB47B1E5-5046-889F-9937-B51B5AD9E44C" value="true"/>
</engineerTo>
<nullsAllowed>true</nullsAllowed>
<useDomainConstraints>false</useDomainConstraints>
<use>1</use>
<logicalDatatype>LOGDT021</logicalDatatype>
<ownDataTypeParameters>,,</ownDataTypeParameters>
</Attribute>
</attributes>
<identifiers itemClass="oracle.dbtools.crest.model.design.logical.CandidateKey">
<identifier id="72473BBB-F4F5-3B0A-6C37-42E499DA2F4C" name="T_TH_WEIGHT_RECORD PK">
<createdBy>leoru</createdBy>
<createdTime>2022-05-12 21:52:52 UTC</createdTime>
<ownerDesignName>modelagem</ownerDesignName>
<engineerTo>
<item key="AB47B1E5-5046-889F-9937-B51B5AD9E44C" value="true"/>
</engineerTo>
<pk>true</pk>
<usedAttributes>
<attributeRef>AC14ABF2-493D-4542-CC9A-9AC9C630F278</attributeRef>
</usedAttributes>
</identifier>
</identifiers>
</Entity>