<?xml version = '1.0' encoding = 'UTF-8'?>
<Entity class="oracle.dbtools.crest.model.design.logical.Entity" directorySegmentName="seg_0" id="47708EBC-60E9-4F7A-D32D-A43A38CA7534" name="T_HT_DIET">
<createdBy>leoru</createdBy>
<createdTime>2022-05-13 22:32:48 UTC</createdTime>
<ownerDesignName>modelagem</ownerDesignName>
<engineerTo>
<item key="AB47B1E5-5046-889F-9937-B51B5AD9E44C" value="true"/>
</engineerTo>
<adequatelyNormalized>NO</adequatelyNormalized>
<expectedVolumes>0</expectedVolumes>
<fwdEngineeringStrategyName>Single Table</fwdEngineeringStrategyName>
<growthPercent>0</growthPercent>
<growthType>Year</growthType>
<maxVolumes>9999999</maxVolumes>
<minVolumes>0</minVolumes>
<normalForm>Third</normalForm>
<attributes itemClass="oracle.dbtools.crest.model.design.logical.Attribute">
<Attribute name="id_diet" id="AD166721-5F40-8A72-7874-A4DDF975C5F7">
<createdBy>leoru</createdBy>
<createdTime>2022-05-13 23:06:59 UTC</createdTime>
<ownerDesignName>modelagem</ownerDesignName>
<engineerTo>
<item key="AB47B1E5-5046-889F-9937-B51B5AD9E44C" value="true"/>
</engineerTo>
<useDomainConstraints>false</useDomainConstraints>
<use>1</use>
<logicalDatatype>LOGDT027</logicalDatatype>
<ownDataTypeParameters>,,</ownDataTypeParameters>
</Attribute>
<Attribute name="ds_add_instructions" id="C902F964-412C-281A-F133-ABF169A5C4D2">
<createdBy>leoru</createdBy>
<createdTime>2022-05-13 22:33:26 UTC</createdTime>
<ownerDesignName>modelagem</ownerDesignName>
<engineerTo>
<item key="AB47B1E5-5046-889F-9937-B51B5AD9E44C" value="true"/>
</engineerTo>
<nullsAllowed>true</nullsAllowed>
<useDomainConstraints>false</useDomainConstraints>
<use>1</use>
<logicalDatatype>LOGDT024</logicalDatatype>
<dataTypeSize>400</dataTypeSize>
<ownDataTypeParameters>400,,</ownDataTypeParameters>
</Attribute>
<Attribute name="doc_cfn" id="206B45E1-9EEE-1B71-F902-705FFAD20779">
<createdBy>leoru</createdBy>
<createdTime>2022-05-23 22:15:12 UTC</createdTime>
<generatorID>B9670A0D-A07D-1618-1596-32007AB5C23B</generatorID>
<ownerDesignName>modelagem</ownerDesignName>
<engineerTo>
<item key="AB47B1E5-5046-889F-9937-B51B5AD9E44C" value="true"/>
</engineerTo>
<referedAttribute>6D03661E-1BA4-29B3-663F-6AD8FB5A5E1E</referedAttribute>
<useDomainConstraints>false</useDomainConstraints>
<use>1</use>
<logicalDatatype>LOGDT024</logicalDatatype>
<dataTypeSize>20</dataTypeSize>
<ownDataTypeParameters>,,</ownDataTypeParameters>
</Attribute>
<Attribute name="id_person" id="AE5AA918-7144-17F3-FC7A-5381C8CAB84A">
<createdBy>leoru</createdBy>
<createdTime>2022-05-23 22:16:17 UTC</createdTime>
<generatorID>60FC517F-8099-B702-DC3D-A058C0F77BA7</generatorID>
<ownerDesignName>modelagem</ownerDesignName>
<engineerTo>
<item key="AB47B1E5-5046-889F-9937-B51B5AD9E44C" value="true"/>
</engineerTo>
<referedAttribute>EBC8BB63-C10E-2FC7-FE5D-4D36DCD9A0B7</referedAttribute>
<useDomainConstraints>false</useDomainConstraints>
<use>1</use>
<logicalDatatype>LOGDT027</logicalDatatype>
<ownDataTypeParameters>,,</ownDataTypeParameters>
</Attribute>
<Attribute name="id_appointment" id="259168F0-DF93-0544-F76D-C65D4624AA24">
<createdBy>leoru</createdBy>
<createdTime>2022-05-23 22:20:06 UTC</createdTime>
<generatorID>4E98D381-D5BD-F528-1AB5-49DF439AA4AD</generatorID>
<ownerDesignName>modelagem</ownerDesignName>
<engineerTo>
<item key="AB47B1E5-5046-889F-9937-B51B5AD9E44C" value="true"/>
</engineerTo>
<referedAttribute>68CABC09-E8BC-7BD7-81B0-0D294ED21EAA</referedAttribute>
<use>1</use>
<logicalDatatype>LOGDT027</logicalDatatype>
<ownDataTypeParameters>,,</ownDataTypeParameters>
</Attribute>
</attributes>
<identifiers itemClass="oracle.dbtools.crest.model.design.logical.CandidateKey">
<identifier id="93787E4F-0848-A82F-7F83-5F5EF0AB83BC" name="T_HT_DIET PK">
<createdBy>leoru</createdBy>
<createdTime>2022-05-13 23:07:02 UTC</createdTime>
<ownerDesignName>modelagem</ownerDesignName>
<engineerTo>
<item key="AB47B1E5-5046-889F-9937-B51B5AD9E44C" value="true"/>
</engineerTo>
<pk>true</pk>
<usedAttributes>
<attributeRef>AD166721-5F40-8A72-7874-A4DDF975C5F7</attributeRef>
</usedAttributes>
</identifier>
</identifiers>
</Entity>