<?xml version = '1.0' encoding = 'UTF-8'?>
<Entity class="oracle.dbtools.crest.model.design.logical.Entity" directorySegmentName="seg_0" id="698B3F5B-5F93-EC7D-015E-72F53FF4CBD5" name="T_HT_MEAL">
<createdBy>leoru</createdBy>
<createdTime>2022-05-13 22:35:39 UTC</createdTime>
<ownerDesignName>modelagem</ownerDesignName>
<engineerTo>
<item key="AB47B1E5-5046-889F-9937-B51B5AD9E44C" value="true"/>
</engineerTo>
<adequatelyNormalized>NO</adequatelyNormalized>
<expectedVolumes>0</expectedVolumes>
<fwdEngineeringStrategyName>Single Table</fwdEngineeringStrategyName>
<growthPercent>0</growthPercent>
<growthType>Year</growthType>
<maxVolumes>9999999</maxVolumes>
<minVolumes>0</minVolumes>
<normalForm>Third</normalForm>
<attributes itemClass="oracle.dbtools.crest.model.design.logical.Attribute">
<Attribute name="nm_name_meal" id="5C0472A9-D0F0-9A5F-AF6F-CDD0F30D1AD3">
<createdBy>leoru</createdBy>
<createdTime>2022-05-13 22:35:50 UTC</createdTime>
<ownerDesignName>modelagem</ownerDesignName>
<engineerTo>
<item key="AB47B1E5-5046-889F-9937-B51B5AD9E44C" value="true"/>
</engineerTo>
<useDomainConstraints>false</useDomainConstraints>
<use>1</use>
<logicalDatatype>LOGDT024</logicalDatatype>
<dataTypeSize>100</dataTypeSize>
<ownDataTypeParameters>100,,</ownDataTypeParameters>
</Attribute>
<Attribute name="id_meal" id="3BA7909B-D02D-1E65-778F-B1BA9D6EA5E8">
<createdBy>leoru</createdBy>
<createdTime>2022-05-13 23:05:20 UTC</createdTime>
<ownerDesignName>modelagem</ownerDesignName>
<engineerTo>
<item key="AB47B1E5-5046-889F-9937-B51B5AD9E44C" value="true"/>
</engineerTo>
<useDomainConstraints>false</useDomainConstraints>
<use>1</use>
<logicalDatatype>LOGDT027</logicalDatatype>
<ownDataTypeParameters>,,</ownDataTypeParameters>
</Attribute>
<Attribute name="id_diet" id="08A69D3B-D6F1-F788-1F90-32A92BB0F485">
<createdBy>leoru</createdBy>
<createdTime>2022-05-23 22:17:33 UTC</createdTime>
<generatorID>5750C686-206E-D40E-E247-21ECE66A9BAB</generatorID>
<ownerDesignName>modelagem</ownerDesignName>
<engineerTo>
<item key="AB47B1E5-5046-889F-9937-B51B5AD9E44C" value="true"/>
</engineerTo>
<referedAttribute>AD166721-5F40-8A72-7874-A4DDF975C5F7</referedAttribute>
<useDomainConstraints>false</useDomainConstraints>
<use>1</use>
<logicalDatatype>LOGDT027</logicalDatatype>
<ownDataTypeParameters>,,</ownDataTypeParameters>
</Attribute>
<Attribute name="id_meal_option" id="5553AC7E-E524-BDEF-EA4F-E4897495753D">
<createdBy>leoru</createdBy>
<createdTime>2022-05-23 22:18:03 UTC</createdTime>
<generatorID>94560495-31BA-8C70-796F-3F53936037E0</generatorID>
<ownerDesignName>modelagem</ownerDesignName>
<engineerTo>
<item key="AB47B1E5-5046-889F-9937-B51B5AD9E44C" value="true"/>
</engineerTo>
<referedAttribute>9A196EB7-9379-43A4-4925-6D39B01806E0</referedAttribute>
<useDomainConstraints>false</useDomainConstraints>
<use>1</use>
<logicalDatatype>LOGDT027</logicalDatatype>
<ownDataTypeParameters>,,</ownDataTypeParameters>
</Attribute>
</attributes>
<identifiers itemClass="oracle.dbtools.crest.model.design.logical.CandidateKey">
<identifier id="89BD2426-636D-4195-40B6-B134B78FE4E0" name="T_HT_MEAL PK">
<createdBy>leoru</createdBy>
<createdTime>2022-05-13 23:05:25 UTC</createdTime>
<ownerDesignName>modelagem</ownerDesignName>
<engineerTo>
<item key="AB47B1E5-5046-889F-9937-B51B5AD9E44C" value="true"/>
</engineerTo>
<pk>true</pk>
<usedAttributes>
<attributeRef>3BA7909B-D02D-1E65-778F-B1BA9D6EA5E8</attributeRef>
</usedAttributes>
</identifier>
</identifiers>
</Entity>