<?xml version = '1.0' encoding = 'UTF-8'?>
<Entity class="oracle.dbtools.crest.model.design.logical.Entity" directorySegmentName="seg_0" id="6AE8A7DE-9A2F-FBB2-5613-DE850ACF607D" name="T_HT_GOAL_USER">
<createdBy>leoru</createdBy>
<createdTime>2022-05-12 22:36:44 UTC</createdTime>
<ownerDesignName>modelagem</ownerDesignName>
<engineerTo>
<item key="AB47B1E5-5046-889F-9937-B51B5AD9E44C" value="true"/>
</engineerTo>
<adequatelyNormalized>NO</adequatelyNormalized>
<expectedVolumes>0</expectedVolumes>
<fwdEngineeringStrategyName>Single Table</fwdEngineeringStrategyName>
<growthPercent>0</growthPercent>
<growthType>Year</growthType>
<maxVolumes>9999999</maxVolumes>
<minVolumes>0</minVolumes>
<normalForm>Third</normalForm>
<attributes itemClass="oracle.dbtools.crest.model.design.logical.Attribute">
<Attribute name="id_goal_user" id="98DCDABD-8BBC-F17A-D39B-A00235FD27C2">
<createdBy>leoru</createdBy>
<createdTime>2022-05-12 22:48:37 UTC</createdTime>
<ownerDesignName>modelagem</ownerDesignName>
<engineerTo>
<item key="AB47B1E5-5046-889F-9937-B51B5AD9E44C" value="true"/>
</engineerTo>
<useDomainConstraints>false</useDomainConstraints>
<use>1</use>
<logicalDatatype>LOGDT027</logicalDatatype>
<ownDataTypeParameters>,,</ownDataTypeParameters>
</Attribute>
<Attribute name="id_person" id="FBCCDF28-2F43-51EA-0DA5-5689DB6A2CD5">
<createdBy>leoru</createdBy>
<createdTime>2022-05-23 22:14:20 UTC</createdTime>
<generatorID>31AE60D5-91B0-67E7-9CBC-52EBB029DF98</generatorID>
<ownerDesignName>modelagem</ownerDesignName>
<engineerTo>
<item key="AB47B1E5-5046-889F-9937-B51B5AD9E44C" value="true"/>
</engineerTo>
<referedAttribute>EBC8BB63-C10E-2FC7-FE5D-4D36DCD9A0B7</referedAttribute>
<useDomainConstraints>false</useDomainConstraints>
<use>1</use>
<logicalDatatype>LOGDT027</logicalDatatype>
<ownDataTypeParameters>,,</ownDataTypeParameters>
</Attribute>
<Attribute name="id_goal" id="17A556D6-5B83-7FE6-F49F-51A0688011C0">
<createdBy>leoru</createdBy>
<createdTime>2022-05-23 22:13:47 UTC</createdTime>
<generatorID>A3077278-14F8-4E7D-0C5D-A61870F904BE</generatorID>
<ownerDesignName>modelagem</ownerDesignName>
<engineerTo>
<item key="AB47B1E5-5046-889F-9937-B51B5AD9E44C" value="true"/>
</engineerTo>
<referedAttribute>B8BBE576-E315-1BA0-D305-ADF20D8C164C</referedAttribute>
<useDomainConstraints>false</useDomainConstraints>
<use>1</use>
<logicalDatatype>LOGDT027</logicalDatatype>
<ownDataTypeParameters>,,</ownDataTypeParameters>
</Attribute>
<Attribute name="dtm_goal_timer" id="4FB30B03-5900-6DB4-EE86-1E7CCCA2B719">
<createdBy>leoru</createdBy>
<createdTime>2022-05-12 22:42:27 UTC</createdTime>
<ownerDesignName>modelagem</ownerDesignName>
<engineerTo>
<item key="AB47B1E5-5046-889F-9937-B51B5AD9E44C" value="true"/>
</engineerTo>
<nullsAllowed>true</nullsAllowed>
<useDomainConstraints>false</useDomainConstraints>
<use>1</use>
<logicalDatatype>LOGDT008</logicalDatatype>
<ownDataTypeParameters>,,</ownDataTypeParameters>
</Attribute>
<Attribute name="qtd_goal" id="8E61683D-26D2-8955-2AA5-4992A32508B6">
<createdBy>leoru</createdBy>
<createdTime>2022-05-12 22:44:54 UTC</createdTime>
<ownerDesignName>modelagem</ownerDesignName>
<engineerTo>
<item key="AB47B1E5-5046-889F-9937-B51B5AD9E44C" value="true"/>
</engineerTo>
<nullsAllowed>true</nullsAllowed>
<useDomainConstraints>false</useDomainConstraints>
<use>1</use>
<logicalDatatype>LOGDT011</logicalDatatype>
<ownDataTypeParameters>,,</ownDataTypeParameters>
</Attribute>
<Attribute name="st_is_active" id="5AEEAF40-8C1E-B91C-83ED-62708D6180EF">
<createdBy>leoru</createdBy>
<createdTime>2022-05-12 22:49:47 UTC</createdTime>
<ownerDesignName>modelagem</ownerDesignName>
<engineerTo>
<item key="AB47B1E5-5046-889F-9937-B51B5AD9E44C" value="true"/>
</engineerTo>
<nullsAllowed>true</nullsAllowed>
<useDomainConstraints>false</useDomainConstraints>
<use>1</use>
<logicalDatatype>LOGDT006</logicalDatatype>
<dataTypeSize>1</dataTypeSize>
<ownDataTypeParameters>1,,</ownDataTypeParameters>
</Attribute>
</attributes>
<identifiers itemClass="oracle.dbtools.crest.model.design.logical.CandidateKey">
<identifier id="9001C323-E675-EE40-FE41-72E88A52FB6D" name="T_HT_GOAL_USER PK">
<createdBy>leoru</createdBy>
<createdTime>2022-05-12 22:39:53 UTC</createdTime>
<ownerDesignName>modelagem</ownerDesignName>
<engineerTo>
<item key="AB47B1E5-5046-889F-9937-B51B5AD9E44C" value="true"/>
</engineerTo>
<pk>true</pk>
<usedAttributes>
<attributeRef>98DCDABD-8BBC-F17A-D39B-A00235FD27C2</attributeRef>
</usedAttributes>
</identifier>
</identifiers>
</Entity>