<?xml version = '1.0' encoding = 'UTF-8'?>
<Entity class="oracle.dbtools.crest.model.design.logical.Entity" directorySegmentName="seg_0" id="A01DF03F-6E6B-E46A-6B56-4F68EC7C1F34" name="T_HT_UNIT_INGREDIENT">
<createdBy>leoru</createdBy>
<createdTime>2022-05-13 22:53:59 UTC</createdTime>
<ownerDesignName>modelagem</ownerDesignName>
<engineerTo>
<item key="AB47B1E5-5046-889F-9937-B51B5AD9E44C" value="true"/>
</engineerTo>
<adequatelyNormalized>NO</adequatelyNormalized>
<expectedVolumes>0</expectedVolumes>
<fwdEngineeringStrategyName>Single Table</fwdEngineeringStrategyName>
<growthPercent>0</growthPercent>
<growthType>Year</growthType>
<maxVolumes>9999999</maxVolumes>
<minVolumes>0</minVolumes>
<normalForm>Third</normalForm>
<attributes itemClass="oracle.dbtools.crest.model.design.logical.Attribute">
<Attribute name="id_unit_ingredient" id="67CD7627-FB63-33C4-C70A-FE55B9BA0291">
<createdBy>leoru</createdBy>
<createdTime>2022-05-13 22:58:34 UTC</createdTime>
<ownerDesignName>modelagem</ownerDesignName>
<engineerTo>
<item key="AB47B1E5-5046-889F-9937-B51B5AD9E44C" value="true"/>
</engineerTo>
<useDomainConstraints>false</useDomainConstraints>
<use>1</use>
<logicalDatatype>LOGDT027</logicalDatatype>
<ownDataTypeParameters>,,</ownDataTypeParameters>
</Attribute>
<Attribute name="id_unit" id="31272FF8-43C6-0FA5-EDAC-918936A74B2B">
<createdBy>leoru</createdBy>
<createdTime>2022-05-23 22:16:51 UTC</createdTime>
<generatorID>E2E3D450-6F8B-3304-F3CF-B1DE4D935A29</generatorID>
<ownerDesignName>modelagem</ownerDesignName>
<engineerTo>
<item key="AB47B1E5-5046-889F-9937-B51B5AD9E44C" value="true"/>
</engineerTo>
<referedAttribute>31F81293-AEA6-56D4-0D46-247793C9F1EF</referedAttribute>
<useDomainConstraints>false</useDomainConstraints>
<use>1</use>
<logicalDatatype>LOGDT027</logicalDatatype>
<ownDataTypeParameters>,,</ownDataTypeParameters>
</Attribute>
<Attribute name="id_ingredient" id="94D2DB52-219A-BAA6-36A0-FDFFC26E1203">
<createdBy>leoru</createdBy>
<createdTime>2022-05-23 22:17:05 UTC</createdTime>
<generatorID>A8DCB6A5-052D-5D6D-657F-7EF1223458C7</generatorID>
<ownerDesignName>modelagem</ownerDesignName>
<engineerTo>
<item key="AB47B1E5-5046-889F-9937-B51B5AD9E44C" value="true"/>
</engineerTo>
<referedAttribute>213C4E54-9E3A-F800-FC43-A693B0E11DBE</referedAttribute>
<useDomainConstraints>false</useDomainConstraints>
<use>1</use>
<logicalDatatype>LOGDT027</logicalDatatype>
<ownDataTypeParameters>,,</ownDataTypeParameters>
</Attribute>
<Attribute name="id_meal_option" id="A9E35B27-4B69-41BB-267A-B2C158D5444E">
<createdBy>leoru</createdBy>
<createdTime>2022-05-23 22:19:37 UTC</createdTime>
<generatorID>9A70AC9E-1106-A4B2-8134-1A1217146074</generatorID>
<ownerDesignName>modelagem</ownerDesignName>
<engineerTo>
<item key="AB47B1E5-5046-889F-9937-B51B5AD9E44C" value="true"/>
</engineerTo>
<referedAttribute>9A196EB7-9379-43A4-4925-6D39B01806E0</referedAttribute>
<useDomainConstraints>false</useDomainConstraints>
<use>1</use>
<logicalDatatype>LOGDT027</logicalDatatype>
<ownDataTypeParameters>,,</ownDataTypeParameters>
</Attribute>
<Attribute name="vl_qtd" id="092247C4-4B05-F92E-88D9-598135CB9855">
<createdBy>leoru</createdBy>
<createdTime>2022-05-13 22:57:50 UTC</createdTime>
<ownerDesignName>modelagem</ownerDesignName>
<engineerTo>
<item key="AB47B1E5-5046-889F-9937-B51B5AD9E44C" value="true"/>
</engineerTo>
<nullsAllowed>true</nullsAllowed>
<useDomainConstraints>false</useDomainConstraints>
<use>1</use>
<logicalDatatype>LOGDT019</logicalDatatype>
<dataTypePrecision>5</dataTypePrecision>
<ownDataTypeParameters>,5,</ownDataTypeParameters>
</Attribute>
</attributes>
<identifiers itemClass="oracle.dbtools.crest.model.design.logical.CandidateKey">
<identifier id="9E20BBBF-B4B5-D63A-63B1-8AB0396E055C" name="T_HT_UNIT_INGREDIENT PK">
<createdBy>leoru</createdBy>
<createdTime>2022-05-13 22:55:28 UTC</createdTime>
<ownerDesignName>modelagem</ownerDesignName>
<engineerTo>
<item key="AB47B1E5-5046-889F-9937-B51B5AD9E44C" value="true"/>
</engineerTo>
<pk>true</pk>
<usedAttributes>
<attributeRef>67CD7627-FB63-33C4-C70A-FE55B9BA0291</attributeRef>
</usedAttributes>
</identifier>
</identifiers>
</Entity>