<?xml version = '1.0' encoding = 'UTF-8'?>
<Entity class="oracle.dbtools.crest.model.design.logical.Entity" directorySegmentName="seg_0" id="D8743627-7D01-B71C-E345-1F6F1335B78D" name="T_HT_MEAL_OPTION">
<createdBy>leoru</createdBy>
<createdTime>2022-05-13 22:36:42 UTC</createdTime>
<ownerDesignName>modelagem</ownerDesignName>
<engineerTo>
<item key="AB47B1E5-5046-889F-9937-B51B5AD9E44C" value="true"/>
</engineerTo>
<adequatelyNormalized>NO</adequatelyNormalized>
<expectedVolumes>0</expectedVolumes>
<fwdEngineeringStrategyName>Single Table</fwdEngineeringStrategyName>
<growthPercent>0</growthPercent>
<growthType>Year</growthType>
<maxVolumes>9999999</maxVolumes>
<minVolumes>0</minVolumes>
<normalForm>Third</normalForm>
<attributes itemClass="oracle.dbtools.crest.model.design.logical.Attribute">
<Attribute name="id_meal_option" id="9A196EB7-9379-43A4-4925-6D39B01806E0">
<createdBy>leoru</createdBy>
<createdTime>2022-05-13 23:03:51 UTC</createdTime>
<ownerDesignName>modelagem</ownerDesignName>
<engineerTo>
<item key="AB47B1E5-5046-889F-9937-B51B5AD9E44C" value="true"/>
</engineerTo>
<useDomainConstraints>false</useDomainConstraints>
<use>1</use>
<logicalDatatype>LOGDT027</logicalDatatype>
<ownDataTypeParameters>,,</ownDataTypeParameters>
</Attribute>
<Attribute name="ds_instructions" id="DAE72EE6-3656-CE8A-DD45-0CF5160FB96B">
<createdBy>leoru</createdBy>
<createdTime>2022-05-13 22:37:33 UTC</createdTime>
<ownerDesignName>modelagem</ownerDesignName>
<engineerTo>
<item key="AB47B1E5-5046-889F-9937-B51B5AD9E44C" value="true"/>
</engineerTo>
<useDomainConstraints>false</useDomainConstraints>
<use>1</use>
<logicalDatatype>LOGDT024</logicalDatatype>
<dataTypeSize>400</dataTypeSize>
<ownDataTypeParameters>400,,</ownDataTypeParameters>
</Attribute>
</attributes>
<identifiers itemClass="oracle.dbtools.crest.model.design.logical.CandidateKey">
<identifier id="ECB92D36-FE01-F959-DE08-345336416F3F" name="T_HT_MEAL_OPTION PK">
<createdBy>leoru</createdBy>
<createdTime>2022-05-13 23:03:26 UTC</createdTime>
<ownerDesignName>modelagem</ownerDesignName>
<engineerTo>
<item key="AB47B1E5-5046-889F-9937-B51B5AD9E44C" value="true"/>
</engineerTo>
<pk>true</pk>
<usedAttributes>
<attributeRef>9A196EB7-9379-43A4-4925-6D39B01806E0</attributeRef>
</usedAttributes>
</identifier>
</identifiers>
</Entity>