<?xml version = '1.0' encoding = 'UTF-8'?>
<Entity class="oracle.dbtools.crest.model.design.logical.Entity" directorySegmentName="seg_0" id="E02891E2-D28C-E3AF-234B-C87D4BBB71CB" name="T_HT_CUSTOMER">
<createdBy>leoru</createdBy>
<createdTime>2022-05-12 22:25:00 UTC</createdTime>
<ownerDesignName>modelagem</ownerDesignName>
<engineerTo>
<item key="AB47B1E5-5046-889F-9937-B51B5AD9E44C" value="true"/>
</engineerTo>
<adequatelyNormalized>NO</adequatelyNormalized>
<expectedVolumes>0</expectedVolumes>
<fwdEngineeringStrategyName>Single Table</fwdEngineeringStrategyName>
<growthPercent>0</growthPercent>
<growthType>Year</growthType>
<maxVolumes>9999999</maxVolumes>
<minVolumes>0</minVolumes>
<normalForm>Third</normalForm>
<attributes itemClass="oracle.dbtools.crest.model.design.logical.Attribute">
<Attribute name="id_person" id="EBC8BB63-C10E-2FC7-FE5D-4D36DCD9A0B7">
<createdBy>leoru</createdBy>
<createdTime>2022-05-23 22:08:38 UTC</createdTime>
<generatorID>80B3BBE6-EAAE-1FD2-4AB3-C763F0027D51</generatorID>
<ownerDesignName>modelagem</ownerDesignName>
<engineerTo>
<item key="AB47B1E5-5046-889F-9937-B51B5AD9E44C" value="true"/>
</engineerTo>
<referedAttribute>030CA461-2B5A-B89E-7FF6-EF21942FD1C1</referedAttribute>
<useDomainConstraints>false</useDomainConstraints>
<use>1</use>
<logicalDatatype>LOGDT027</logicalDatatype>
<ownDataTypeParameters>,,</ownDataTypeParameters>
</Attribute>
<Attribute name="vl_height" id="C42861DC-EE3B-7BDF-6886-90CC965407DF">
<createdBy>leoru</createdBy>
<createdTime>2022-05-12 22:25:31 UTC</createdTime>
<ownerDesignName>modelagem</ownerDesignName>
<engineerTo>
<item key="AB47B1E5-5046-889F-9937-B51B5AD9E44C" value="true"/>
</engineerTo>
<useDomainConstraints>false</useDomainConstraints>
<use>1</use>
<logicalDatatype>LOGDT011</logicalDatatype>
<ownDataTypeParameters>,,</ownDataTypeParameters>
</Attribute>
</attributes>
<identifiers itemClass="oracle.dbtools.crest.model.design.logical.CandidateKey">
<identifier id="A15AF9E1-EA87-18E6-440E-0BE38BA8C260" name="CUSTOMER PK">
<createdBy>leoru</createdBy>
<createdTime>2022-05-12 22:26:35 UTC</createdTime>
<ownerDesignName>modelagem</ownerDesignName>
<engineerTo>
<item key="AB47B1E5-5046-889F-9937-B51B5AD9E44C" value="true"/>
</engineerTo>
<pk>true</pk>
<usedAttributes>
<attributeRef>EBC8BB63-C10E-2FC7-FE5D-4D36DCD9A0B7</attributeRef>
</usedAttributes>
</identifier>
</identifiers>
</Entity>