<?xml version = '1.0' encoding = 'UTF-8'?>
<Entity class="oracle.dbtools.crest.model.design.logical.Entity" directorySegmentName="seg_0" id="E1524B77-45CA-6C4A-A716-AF23E71BF699" name="T_HT_NUTRITIONIST">
<createdBy>leoru</createdBy>
<createdTime>2022-05-12 21:25:23 UTC</createdTime>
<ownerDesignName>modelagem</ownerDesignName>
<engineerTo>
<item key="AB47B1E5-5046-889F-9937-B51B5AD9E44C" value="true"/>
</engineerTo>
<adequatelyNormalized>NO</adequatelyNormalized>
<expectedVolumes>0</expectedVolumes>
<fwdEngineeringStrategyName>Single Table</fwdEngineeringStrategyName>
<growthPercent>0</growthPercent>
<growthType>Year</growthType>
<maxVolumes>9999999</maxVolumes>
<minVolumes>0</minVolumes>
<normalForm>Third</normalForm>
<attributes itemClass="oracle.dbtools.crest.model.design.logical.Attribute">
<Attribute name="doc_cfn" id="6D03661E-1BA4-29B3-663F-6AD8FB5A5E1E">
<createdBy>leoru</createdBy>
<createdTime>2022-05-12 21:25:42 UTC</createdTime>
<ownerDesignName>modelagem</ownerDesignName>
<engineerTo>
<item key="AB47B1E5-5046-889F-9937-B51B5AD9E44C" value="true"/>
</engineerTo>
<useDomainConstraints>false</useDomainConstraints>
<use>1</use>
<logicalDatatype>LOGDT024</logicalDatatype>
<dataTypeSize>20</dataTypeSize>
<ownDataTypeParameters>20,,</ownDataTypeParameters>
</Attribute>
<Attribute name="id_person" id="BD0B4A77-93D1-9F39-E6DD-70F6DF904999">
<createdBy>leoru</createdBy>
<createdTime>2022-05-23 22:07:24 UTC</createdTime>
<generatorID>E75D8138-F4A4-F31B-15F9-EA20DE5DD807</generatorID>
<ownerDesignName>modelagem</ownerDesignName>
<engineerTo>
<item key="AB47B1E5-5046-889F-9937-B51B5AD9E44C" value="true"/>
</engineerTo>
<referedAttribute>030CA461-2B5A-B89E-7FF6-EF21942FD1C1</referedAttribute>
<useDomainConstraints>false</useDomainConstraints>
<use>1</use>
<logicalDatatype>LOGDT027</logicalDatatype>
<ownDataTypeParameters>,,</ownDataTypeParameters>
</Attribute>
</attributes>
<identifiers itemClass="oracle.dbtools.crest.model.design.logical.CandidateKey">
<identifier id="67122C23-C228-671B-43BB-8BF220DBBC7B" name="T_HT_NUTRITIONIST PK">
<createdBy>leoru</createdBy>
<createdTime>2022-05-12 21:27:52 UTC</createdTime>
<ownerDesignName>modelagem</ownerDesignName>
<engineerTo>
<item key="AB47B1E5-5046-889F-9937-B51B5AD9E44C" value="true"/>
</engineerTo>
<pk>true</pk>
<usedAttributes>
<attributeRef>6D03661E-1BA4-29B3-663F-6AD8FB5A5E1E</attributeRef>
</usedAttributes>
</identifier>
</identifiers>
</Entity>