<?xml version = '1.0' encoding = 'UTF-8'?>
<Diagram class="oracle.dbtools.crest.swingui.relational.DPVRelational" name="Relational_1" id="91473A96-0483-9130-4F05-50FACFD75A39">
<createdBy>leoru</createdBy>
<modifiedBy>leoru</modifiedBy>
<createdTime>2022-05-12 22:58:29 UTC</createdTime>
<autoRoute>false</autoRoute>
<boxInbox>true</boxInbox>
<showLegend>false</showLegend>
<showLabels>false</showLabels>
<showRelAttributes>false</showRelAttributes>
<gridEnabled>false</gridEnabled>
<showGrid>false</showGrid>
<diagramColor>-1</diagramColor>
<display>false</display>
<notation>1</notation>
<objectViews>
<OView class="oracle.dbtools.crest.swingui.relational.TVTable" oid="014C6174-0586-8598-86E7-35ED2976539E" otype="Table" vid="F49DC471-1099-FDD3-FDC9-0E99C8F12855">
<hideElementsInCurrentOnly>false</hideElementsInCurrentOnly>
<bounds x="658" y="229" width="170" height="110"/>
</OView>
<OView class="oracle.dbtools.crest.swingui.relational.TVTable" oid="08E1AEA1-BC3E-DDC0-D703-BD5A4CF1FFE3" otype="Table" vid="E5590D91-36C8-019E-8936-F498072C2912">
<hideElementsInCurrentOnly>false</hideElementsInCurrentOnly>
<bounds x="632" y="13" width="201" height="147"/>
</OView>
<OView class="oracle.dbtools.crest.swingui.relational.TVTable" oid="24252E69-AC84-3B00-35A4-839232D1187D" otype="Table" vid="84BEC033-5359-AAAF-C3A8-036468B395E3">
<hideElementsInCurrentOnly>false</hideElementsInCurrentOnly>
<bounds x="1206" y="106" width="169" height="111"/>
</OView>
<OView class="oracle.dbtools.crest.swingui.relational.TVTable" oid="33265D80-2800-1256-E08D-9F080C0CD4FF" otype="Table" vid="E834260D-A1C6-A5A7-1937-BF711FFEDED1">
<hideElementsInCurrentOnly>false</hideElementsInCurrentOnly>
<bounds x="173" y="432" width="243" height="144"/>
</OView>
<OView class="oracle.dbtools.crest.swingui.relational.TVTable" oid="4854D6F3-4596-312A-6978-9944A5F94EF0" otype="Table" vid="D8A608AF-D91A-47ED-D90B-9A1507C2D3AA">
<hideElementsInCurrentOnly>false</hideElementsInCurrentOnly>
<bounds x="647" y="441" width="191" height="119"/>
</OView>
<OView class="oracle.dbtools.crest.swingui.relational.TVTable" oid="69897F8D-EEFA-6445-10CB-44CE6A6ED764" otype="Table" vid="91102B70-5396-0070-9298-CFB5E04F4321">
<hideElementsInCurrentOnly>false</hideElementsInCurrentOnly>
<bounds x="1106" y="295" width="190" height="96"/>
</OView>
<OView class="oracle.dbtools.crest.swingui.relational.TVTable" oid="79E5E8E2-17D9-CFE2-9D72-2A6B0BE9B238" otype="Table" vid="7EFA6D95-DA78-3203-70AD-09894D9A649B">
<hideElementsInCurrentOnly>false</hideElementsInCurrentOnly>
<bounds x="1373" y="304" width="154" height="97"/>
</OView>
<OView class="oracle.dbtools.crest.swingui.relational.TVTable" oid="836F6A32-5B44-ED48-875E-B4E492B1BC12" otype="Table" vid="B3B426C3-AE74-038F-12ED-1D89D94EF307">
<hideElementsInCurrentOnly>false</hideElementsInCurrentOnly>
<bounds x="183" y="229" width="201" height="110"/>
</OView>
<OView class="oracle.dbtools.crest.swingui.relational.TVTable" oid="94AB5026-EE89-9765-7E88-69098ACDD5BB" otype="Table" vid="99B0295F-D93A-1CD2-CDA2-EB9AA5DC1947">
<hideElementsInCurrentOnly>false</hideElementsInCurrentOnly>
<bounds x="911" y="110" width="209" height="111"/>
</OView>
<OView class="oracle.dbtools.crest.swingui.relational.TVTable" oid="B636778C-34C1-13A1-4A08-7F41CB617F16" otype="Table" vid="0BAB24B8-5A07-A9BE-CD10-6DE8EFC6F710">
<hideElementsInCurrentOnly>false</hideElementsInCurrentOnly>
<bounds x="590" y="619" width="261" height="105"/>
</OView>
<OView class="oracle.dbtools.crest.swingui.relational.TVTable" oid="BB423E4E-5A02-D48A-4753-154EC4700FF7" otype="Table" vid="4A92CA8A-EB3D-C6EC-E9A3-04788EBA6749">
<hideElementsInCurrentOnly>false</hideElementsInCurrentOnly>
<bounds x="66" y="32" width="170" height="159"/>
</OView>
<OView class="oracle.dbtools.crest.swingui.relational.TVTable" oid="C22F84DF-02BA-BB59-1742-5308311E62A8" otype="Table" vid="BA2D4C49-BF3F-3F14-0F72-ADF6AEC72041">
<hideElementsInCurrentOnly>false</hideElementsInCurrentOnly>
<bounds x="319" y="25" width="181" height="167"/>
</OView>
<OView class="oracle.dbtools.crest.swingui.relational.TVTable" oid="CBE06461-7828-EDF7-0BF3-0E5346E08585" otype="Table" vid="AEA6C6B8-C94E-8D22-1704-9F1D3831A931">
<hideElementsInCurrentOnly>false</hideElementsInCurrentOnly>
<bounds x="1597" y="295" width="163" height="96"/>
</OView>
<OView class="oracle.dbtools.crest.swingui.relational.TVTable" oid="DB3FFA79-698D-F224-A2FD-8817932A175E" otype="Table" vid="52EBD48C-5450-61CE-6BC9-ECF32C86AC60">
<hideElementsInCurrentOnly>false</hideElementsInCurrentOnly>
<bounds x="1458" y="121" width="196" height="93"/>
</OView>
</objectViews>
<connectors>
<Connector class="oracle.dbtools.crest.swingui.relational.TVFKRelation" oid="271269BB-6328-B708-66B3-8857066C2F8C" otype="FKIndexAssociation" vid_source="52EBD48C-5450-61CE-6BC9-ECF32C86AC60" vid_target="84BEC033-5359-AAAF-C3A8-036468B395E3">
<hideElementsInCurrentOnly>false</hideElementsInCurrentOnly>
<backgroundColor>-16777216</backgroundColor>
<lineWidth>1</lineWidth>
<points>
<point x="1458" y="182"/>
<point x="1375" y="182"/>
</points>
</Connector>
<Connector class="oracle.dbtools.crest.swingui.relational.TVFKRelation" oid="2771C6E9-FB41-EBF3-F934-42CB31E84248" otype="FKIndexAssociation" vid_source="B3B426C3-AE74-038F-12ED-1D89D94EF307" vid_target="E834260D-A1C6-A5A7-1937-BF711FFEDED1">
<hideElementsInCurrentOnly>false</hideElementsInCurrentOnly>
<backgroundColor>-16777216</backgroundColor>
<lineWidth>1</lineWidth>
<points>
<point x="298" y="339"/>
<point x="298" y="432"/>
</points>
</Connector>
<Connector class="oracle.dbtools.crest.swingui.relational.TVFKRelation" oid="290FB825-68F1-40B6-1A35-8A85046C8C5C" otype="FKIndexAssociation" vid_source="52EBD48C-5450-61CE-6BC9-ECF32C86AC60" vid_target="7EFA6D95-DA78-3203-70AD-09894D9A649B">
<hideElementsInCurrentOnly>false</hideElementsInCurrentOnly>
<backgroundColor>-16777216</backgroundColor>
<lineWidth>1</lineWidth>
<points>
<point x="1477" y="214"/>
<point x="1477" y="304"/>
</points>
</Connector>
<Connector class="oracle.dbtools.crest.swingui.relational.TVFKRelation" oid="41B2F06E-10D0-2976-F6B3-ED87C9C2F84A" otype="FKIndexAssociation" vid_source="E5590D91-36C8-019E-8936-F498072C2912" vid_target="99B0295F-D93A-1CD2-CDA2-EB9AA5DC1947">
<hideElementsInCurrentOnly>false</hideElementsInCurrentOnly>
<backgroundColor>-16777216</backgroundColor>
<lineWidth>1</lineWidth>
<points>
<point x="833" y="150"/>
<point x="911" y="150"/>
</points>
</Connector>
<Connector class="oracle.dbtools.crest.swingui.relational.TVFKRelation" oid="434EF22D-8E78-1928-D28D-8B81CD5F21A1" otype="FKIndexAssociation" vid_source="E5590D91-36C8-019E-8936-F498072C2912" vid_target="F49DC471-1099-FDD3-FDC9-0E99C8F12855">
<hideElementsInCurrentOnly>false</hideElementsInCurrentOnly>
<backgroundColor>-16777216</backgroundColor>
<lineWidth>1</lineWidth>
<points>
<point x="743" y="160"/>
<point x="743" y="229"/>
</points>
</Connector>
<Connector class="oracle.dbtools.crest.swingui.relational.TVFKRelation" oid="4AE46F5C-5AA0-431D-D0BE-664D308A4321" otype="FKIndexAssociation" vid_source="BA2D4C49-BF3F-3F14-0F72-ADF6AEC72041" vid_target="E5590D91-36C8-019E-8936-F498072C2912">
<hideElementsInCurrentOnly>false</hideElementsInCurrentOnly>
<backgroundColor>-16777216</backgroundColor>
<lineWidth>1</lineWidth>
<points>
<point x="500" y="107"/>
<point x="632" y="107"/>
</points>
</Connector>
<Connector class="oracle.dbtools.crest.swingui.relational.TVFKRelation" oid="5517BEEF-7A12-5189-19DD-706212673FE9" otype="FKIndexAssociation" vid_source="AEA6C6B8-C94E-8D22-1704-9F1D3831A931" vid_target="7EFA6D95-DA78-3203-70AD-09894D9A649B">
<hideElementsInCurrentOnly>false</hideElementsInCurrentOnly>
<backgroundColor>-16777216</backgroundColor>
<lineWidth>1</lineWidth>
<points>
<point x="1597" y="347"/>
<point x="1527" y="347"/>
</points>
</Connector>
<Connector class="oracle.dbtools.crest.swingui.relational.TVFKRelation" oid="582184B2-BE5F-9BBB-6EA3-737AF01DD6DE" otype="FKIndexAssociation" vid_source="D8A608AF-D91A-47ED-D90B-9A1507C2D3AA" vid_target="0BAB24B8-5A07-A9BE-CD10-6DE8EFC6F710">
<hideElementsInCurrentOnly>false</hideElementsInCurrentOnly>
<backgroundColor>-16777216</backgroundColor>
<lineWidth>1</lineWidth>
<points>
<point x="742" y="560"/>
<point x="742" y="619"/>
</points>
</Connector>
<Connector class="oracle.dbtools.crest.swingui.relational.TVFKRelation" oid="608F51B1-E6DB-2252-03B2-EA9EDB4C0ADF" otype="FKIndexAssociation" vid_source="BA2D4C49-BF3F-3F14-0F72-ADF6AEC72041" vid_target="D8A608AF-D91A-47ED-D90B-9A1507C2D3AA">
<hideElementsInCurrentOnly>false</hideElementsInCurrentOnly>
<backgroundColor>-16777216</backgroundColor>
<lineWidth>1</lineWidth>
<points>
<point x="480" y="192"/>
<point x="691" y="441"/>
</points>
</Connector>
<Connector class="oracle.dbtools.crest.swingui.relational.TVFKRelation" oid="6313DF0E-BB74-69B4-7655-6A456CBA24D5" otype="FKIndexAssociation" vid_source="BA2D4C49-BF3F-3F14-0F72-ADF6AEC72041" vid_target="4A92CA8A-EB3D-C6EC-E9A3-04788EBA6749">
<hideElementsInCurrentOnly>false</hideElementsInCurrentOnly>
<backgroundColor>-16777216</backgroundColor>
<lineWidth>1</lineWidth>
<points>
<point x="319" y="96"/>
<point x="289" y="96"/>
<point x="236" y="96"/>
</points>
</Connector>
<Connector class="oracle.dbtools.crest.swingui.relational.TVFKRelation" oid="6F61AAA3-191C-7804-5DCD-F7593570C17B" otype="FKIndexAssociation" vid_source="D8A608AF-D91A-47ED-D90B-9A1507C2D3AA" vid_target="99B0295F-D93A-1CD2-CDA2-EB9AA5DC1947">
<hideElementsInCurrentOnly>false</hideElementsInCurrentOnly>
<backgroundColor>-16777216</backgroundColor>
<lineWidth>1</lineWidth>
<points>
<point x="790" y="441"/>
<point x="985" y="221"/>
</points>
</Connector>
<Connector class="oracle.dbtools.crest.swingui.relational.TVFKRelation" oid="74E99FE3-DEC6-22B4-FC0B-C70A1FF1787E" otype="FKIndexAssociation" vid_source="D8A608AF-D91A-47ED-D90B-9A1507C2D3AA" vid_target="E834260D-A1C6-A5A7-1937-BF711FFEDED1">
<hideElementsInCurrentOnly>false</hideElementsInCurrentOnly>
<backgroundColor>-16777216</backgroundColor>
<lineWidth>1</lineWidth>
<points>
<point x="647" y="515"/>
<point x="416" y="515"/>
</points>
</Connector>
<Connector class="oracle.dbtools.crest.swingui.relational.TVFKRelation" oid="98C82F13-32D7-A8BD-E28F-5D35EEA46AF5" otype="FKIndexAssociation" vid_source="F49DC471-1099-FDD3-FDC9-0E99C8F12855" vid_target="99B0295F-D93A-1CD2-CDA2-EB9AA5DC1947">
<hideElementsInCurrentOnly>false</hideElementsInCurrentOnly>
<backgroundColor>-16777216</backgroundColor>
<lineWidth>1</lineWidth>
<points>
<point x="828" y="247"/>
<point x="926" y="221"/>
</points>
</Connector>
<Connector class="oracle.dbtools.crest.swingui.relational.TVFKRelation" oid="ACB54973-9FDC-BED6-807B-BEEF533BB0B4" otype="FKIndexAssociation" vid_source="99B0295F-D93A-1CD2-CDA2-EB9AA5DC1947" vid_target="84BEC033-5359-AAAF-C3A8-036468B395E3">
<hideElementsInCurrentOnly>false</hideElementsInCurrentOnly>
<backgroundColor>-16777216</backgroundColor>
<lineWidth>1</lineWidth>
<points>
<point x="1120" y="178"/>
<point x="1206" y="178"/>
</points>
</Connector>
<Connector class="oracle.dbtools.crest.swingui.relational.TVFKRelation" oid="E43FE60A-6BF3-3864-78A6-B0AB3FC7C370" otype="FKIndexAssociation" vid_source="D8A608AF-D91A-47ED-D90B-9A1507C2D3AA" vid_target="F49DC471-1099-FDD3-FDC9-0E99C8F12855">
<hideElementsInCurrentOnly>false</hideElementsInCurrentOnly>
<backgroundColor>-16777216</backgroundColor>
<lineWidth>1</lineWidth>
<points>
<point x="743" y="441"/>
<point x="743" y="339"/>
</points>
</Connector>
<Connector class="oracle.dbtools.crest.swingui.relational.TVFKRelation" oid="F6077A0B-C394-4478-9AE9-387F64AC4DA4" otype="FKIndexAssociation" vid_source="91102B70-5396-0070-9298-CFB5E04F4321" vid_target="7EFA6D95-DA78-3203-70AD-09894D9A649B">
<hideElementsInCurrentOnly>false</hideElementsInCurrentOnly>
<backgroundColor>-16777216</backgroundColor>
<lineWidth>1</lineWidth>
<points>
<point x="1296" y="347"/>
<point x="1373" y="347"/>
</points>
</Connector>
</connectors>
<arcs>
<Arc class="oracle.dbtools.crest.swingui.relational.TVFKArc" oid="6B529C14-1D02-AF0A-1476-F6FF2ACD6DA3" otype="FKArc" vid="AB949446-22B6-0976-B3A1-BA49C5A98691">
<hideElementsInCurrentOnly>false</hideElementsInCurrentOnly>
<bounds x="299" y="5" width="221" height="207"/>
</Arc>
</arcs>
</Diagram>