<?xml version = '1.0' encoding = 'UTF-8'?>
<FKIndexAssociation class="oracle.dbtools.crest.model.design.relational.FKIndexAssociation" directorySegmentName="seg_0" id="271269BB-6328-B708-66B3-8857066C2F8C" containerWithKeyObject="24252E69-AC84-3B00-35A4-839232D1187D" localFKIndex="1832121E-CFFD-41CD-6D68-24FC3F6EA683" name="T_HT_MEAL_T_HT_MEAL_OPTION_FK">
<createdBy>leoru</createdBy>
<createdTime>2022-05-23 22:20:36 UTC</createdTime>
<generatorID>94560495-31BA-8C70-796F-3F53936037E0</generatorID>
<ownerDesignName>modelagem</ownerDesignName>
<referredTableLongName>T_HT_MEAL_OPTION</referredTableLongName>
<deleteRule>NO ACTION</deleteRule>
<referredTableID>DB3FFA79-698D-F224-A2FD-8817932A175E</referredTableID>
<keyObject>83A792B4-BF17-2B6A-8435-8CF08A4DDBA5</keyObject>
<referredKeyID>83A792B4-BF17-2B6A-8435-8CF08A4DDBA5</referredKeyID>
<mandatory>true</mandatory>
<refColNames>id_meal_option</refColNames>
<transferable>true</transferable>
<rely>false</rely>
<columnDependencyConstraintGenerateInDDL>true</columnDependencyConstraintGenerateInDDL>
</FKIndexAssociation>