<?xml version = '1.0' encoding = 'UTF-8'?>
<FKIndexAssociation class="oracle.dbtools.crest.model.design.relational.FKIndexAssociation" directorySegmentName="seg_0" id="2771C6E9-FB41-EBF3-F934-42CB31E84248" containerWithKeyObject="33265D80-2800-1256-E08D-9F080C0CD4FF" localFKIndex="F9FCDFA1-A51A-052F-7D3D-F4DA753792C2" name="T_HT_GOAL_USER_T_HT_GOAL_FK">
<createdBy>leoru</createdBy>
<createdTime>2022-05-23 22:20:36 UTC</createdTime>
<generatorID>A3077278-14F8-4E7D-0C5D-A61870F904BE</generatorID>
<ownerDesignName>modelagem</ownerDesignName>
<referredTableLongName>T_HT_GOAL</referredTableLongName>
<deleteRule>NO ACTION</deleteRule>
<referredTableID>836F6A32-5B44-ED48-875E-B4E492B1BC12</referredTableID>
<keyObject>5F3A7F76-612D-45E3-0FD3-98B2B9759C83</keyObject>
<referredKeyID>5F3A7F76-612D-45E3-0FD3-98B2B9759C83</referredKeyID>
<mandatory>true</mandatory>
<refColNames>id_goal</refColNames>
<transferable>true</transferable>
<rely>false</rely>
<columnDependencyConstraintGenerateInDDL>true</columnDependencyConstraintGenerateInDDL>
</FKIndexAssociation>