<?xml version = '1.0' encoding = 'UTF-8'?>
<FKIndexAssociation class="oracle.dbtools.crest.model.design.relational.FKIndexAssociation" directorySegmentName="seg_0" id="290FB825-68F1-40B6-1A35-8A85046C8C5C" containerWithKeyObject="79E5E8E2-17D9-CFE2-9D72-2A6B0BE9B238" localFKIndex="162344A2-9C64-C747-349C-14FA8143A52A" name="T_HT_UNIT_INGREDIENT_T_HT_MEAL_OPTION_FK">
<createdBy>leoru</createdBy>
<createdTime>2022-05-23 22:20:36 UTC</createdTime>
<generatorID>9A70AC9E-1106-A4B2-8134-1A1217146074</generatorID>
<ownerDesignName>modelagem</ownerDesignName>
<referredTableLongName>T_HT_MEAL_OPTION</referredTableLongName>
<deleteRule>NO ACTION</deleteRule>
<referredTableID>DB3FFA79-698D-F224-A2FD-8817932A175E</referredTableID>
<keyObject>83A792B4-BF17-2B6A-8435-8CF08A4DDBA5</keyObject>
<referredKeyID>83A792B4-BF17-2B6A-8435-8CF08A4DDBA5</referredKeyID>
<mandatory>true</mandatory>
<refColNames>id_meal_option</refColNames>
<transferable>true</transferable>
<rely>false</rely>
<columnDependencyConstraintGenerateInDDL>true</columnDependencyConstraintGenerateInDDL>
</FKIndexAssociation>