<?xml version = '1.0' encoding = 'UTF-8'?>
<FKIndexAssociation class="oracle.dbtools.crest.model.design.relational.FKIndexAssociation" directorySegmentName="seg_0" id="41B2F06E-10D0-2976-F6B3-ED87C9C2F84A" containerWithKeyObject="94AB5026-EE89-9765-7E88-69098ACDD5BB" localFKIndex="5ED946C5-450B-825E-3AC7-C04C16F3D64B" name="T_HT_DIET_T_HT_NUTRITIONIST_FK">
<createdBy>leoru</createdBy>
<createdTime>2022-05-23 22:20:36 UTC</createdTime>
<generatorID>B9670A0D-A07D-1618-1596-32007AB5C23B</generatorID>
<ownerDesignName>modelagem</ownerDesignName>
<referredTableLongName>T_HT_NUTRITIONIST</referredTableLongName>
<deleteRule>NO ACTION</deleteRule>
<referredTableID>08E1AEA1-BC3E-DDC0-D703-BD5A4CF1FFE3</referredTableID>
<keyObject>3BD6BB48-0E39-6D1C-C95C-232AB93A4D4D</keyObject>
<referredKeyID>3BD6BB48-0E39-6D1C-C95C-232AB93A4D4D</referredKeyID>
<mandatory>true</mandatory>
<refColNames>doc_cfn</refColNames>
<transferable>true</transferable>
<rely>false</rely>
<columnDependencyConstraintGenerateInDDL>true</columnDependencyConstraintGenerateInDDL>
</FKIndexAssociation>