<?xml version = '1.0' encoding = 'UTF-8'?>
<FKIndexAssociation class="oracle.dbtools.crest.model.design.relational.FKIndexAssociation" directorySegmentName="seg_0" id="434EF22D-8E78-1928-D28D-8B81CD5F21A1" containerWithKeyObject="014C6174-0586-8598-86E7-35ED2976539E" localFKIndex="80D3AB1B-7917-4BC4-201C-12D6F0B6B4F4" name="T_HT_APPOINTMENT_T_HT_NUTRITIONIST_FK">
<createdBy>leoru</createdBy>
<createdTime>2022-05-23 22:20:36 UTC</createdTime>
<generatorID>F442C272-97E6-30C9-2259-29FA16E56267</generatorID>
<ownerDesignName>modelagem</ownerDesignName>
<referredTableLongName>T_HT_NUTRITIONIST</referredTableLongName>
<deleteRule>NO ACTION</deleteRule>
<referredTableID>08E1AEA1-BC3E-DDC0-D703-BD5A4CF1FFE3</referredTableID>
<keyObject>3BD6BB48-0E39-6D1C-C95C-232AB93A4D4D</keyObject>
<referredKeyID>3BD6BB48-0E39-6D1C-C95C-232AB93A4D4D</referredKeyID>
<mandatory>true</mandatory>
<refColNames>doc_cfn</refColNames>
<transferable>true</transferable>
<rely>false</rely>
<columnDependencyConstraintGenerateInDDL>true</columnDependencyConstraintGenerateInDDL>
</FKIndexAssociation>