<?xml version = '1.0' encoding = 'UTF-8'?>
<FKIndexAssociation class="oracle.dbtools.crest.model.design.relational.FKIndexAssociation" directorySegmentName="seg_0" id="4AE46F5C-5AA0-431D-D0BE-664D308A4321" containerWithKeyObject="08E1AEA1-BC3E-DDC0-D703-BD5A4CF1FFE3" localFKIndex="8DCD0A6E-9A8E-FFE9-CF8A-487807DE9E22" name="T_HT_NUTRITIONIST_T_HT_PERSON_FK">
<createdBy>leoru</createdBy>
<createdTime>2022-05-23 22:20:36 UTC</createdTime>
<generatorID>E75D8138-F4A4-F31B-15F9-EA20DE5DD807</generatorID>
<ownerDesignName>modelagem</ownerDesignName>
<referredTableLongName>T_HT_PERSON</referredTableLongName>
<arc>6B529C14-1D02-AF0A-1476-F6FF2ACD6DA3</arc>
<deleteRule>NO ACTION</deleteRule>
<referredTableID>C22F84DF-02BA-BB59-1742-5308311E62A8</referredTableID>
<keyObject>E339C905-43DF-EBE1-D0B1-44093A111CE9</keyObject>
<referredKeyID>E339C905-43DF-EBE1-D0B1-44093A111CE9</referredKeyID>
<mandatory>true</mandatory>
<refColNames>id_person</refColNames>
<transferable>true</transferable>
<rely>false</rely>
<columnDependencyConstraintGenerateInDDL>true</columnDependencyConstraintGenerateInDDL>
</FKIndexAssociation>