<?xml version = '1.0' encoding = 'UTF-8'?>
<FKIndexAssociation class="oracle.dbtools.crest.model.design.relational.FKIndexAssociation" directorySegmentName="seg_0" id="5517BEEF-7A12-5189-19DD-706212673FE9" containerWithKeyObject="79E5E8E2-17D9-CFE2-9D72-2A6B0BE9B238" localFKIndex="7E93C280-E47D-85AF-C11B-4667A19EEEE3" name="T_HT_UNIT_INGREDIENT_T_HT_INGREDIENT_FK">
<createdBy>leoru</createdBy>
<createdTime>2022-05-23 22:20:36 UTC</createdTime>
<generatorID>A8DCB6A5-052D-5D6D-657F-7EF1223458C7</generatorID>
<ownerDesignName>modelagem</ownerDesignName>
<referredTableLongName>T_HT_INGREDIENT</referredTableLongName>
<deleteRule>NO ACTION</deleteRule>
<referredTableID>CBE06461-7828-EDF7-0BF3-0E5346E08585</referredTableID>
<keyObject>66101EBE-BCCB-A3CB-DCEE-FD9820B683BE</keyObject>
<referredKeyID>66101EBE-BCCB-A3CB-DCEE-FD9820B683BE</referredKeyID>
<mandatory>true</mandatory>
<refColNames>id_ingredient</refColNames>
<transferable>true</transferable>
<rely>false</rely>
<columnDependencyConstraintGenerateInDDL>true</columnDependencyConstraintGenerateInDDL>
</FKIndexAssociation>