<?xml version = '1.0' encoding = 'UTF-8'?>
<FKIndexAssociation class="oracle.dbtools.crest.model.design.relational.FKIndexAssociation" directorySegmentName="seg_0" id="582184B2-BE5F-9BBB-6EA3-737AF01DD6DE" containerWithKeyObject="B636778C-34C1-13A1-4A08-7F41CB617F16" localFKIndex="62BD092A-FBFE-68F4-5973-A4C773A63727" name="T_HT_WEIGHT_RECORD_T_HT_CUSTOMER_FK">
<createdBy>leoru</createdBy>
<createdTime>2022-05-23 22:20:36 UTC</createdTime>
<generatorID>E8E1188F-3FE8-E399-A0DB-B544C78BE180</generatorID>
<ownerDesignName>modelagem</ownerDesignName>
<referredTableLongName>T_HT_CUSTOMER</referredTableLongName>
<deleteRule>NO ACTION</deleteRule>
<referredTableID>4854D6F3-4596-312A-6978-9944A5F94EF0</referredTableID>
<keyObject>E52FB09E-6A39-54B5-0E80-2783E145D40F</keyObject>
<referredKeyID>E52FB09E-6A39-54B5-0E80-2783E145D40F</referredKeyID>
<mandatory>true</mandatory>
<refColNames>T_HT_PERSON_id_person</refColNames>
<transferable>true</transferable>
<rely>false</rely>
<columnDependencyConstraintGenerateInDDL>true</columnDependencyConstraintGenerateInDDL>
</FKIndexAssociation>