<?xml version = '1.0' encoding = 'UTF-8'?>
<FKIndexAssociation class="oracle.dbtools.crest.model.design.relational.FKIndexAssociation" directorySegmentName="seg_0" id="608F51B1-E6DB-2252-03B2-EA9EDB4C0ADF" containerWithKeyObject="4854D6F3-4596-312A-6978-9944A5F94EF0" localFKIndex="3400F459-2B5B-5B57-229D-1E80CF80CC32" name="T_HT_CUSTOMER_T_HT_PERSON_FK">
<createdBy>leoru</createdBy>
<createdTime>2022-05-23 22:20:36 UTC</createdTime>
<generatorID>80B3BBE6-EAAE-1FD2-4AB3-C763F0027D51</generatorID>
<ownerDesignName>modelagem</ownerDesignName>
<referredTableLongName>T_HT_PERSON</referredTableLongName>
<arc>6B529C14-1D02-AF0A-1476-F6FF2ACD6DA3</arc>
<deleteRule>NO ACTION</deleteRule>
<referredTableID>C22F84DF-02BA-BB59-1742-5308311E62A8</referredTableID>
<keyObject>E339C905-43DF-EBE1-D0B1-44093A111CE9</keyObject>
<referredKeyID>E339C905-43DF-EBE1-D0B1-44093A111CE9</referredKeyID>
<mandatory>true</mandatory>
<refColNames>id_person</refColNames>
<transferable>true</transferable>
<rely>false</rely>
<columnDependencyConstraintGenerateInDDL>true</columnDependencyConstraintGenerateInDDL>
</FKIndexAssociation>