<?xml version = '1.0' encoding = 'UTF-8'?>
<FKIndexAssociation class="oracle.dbtools.crest.model.design.relational.FKIndexAssociation" directorySegmentName="seg_0" id="6313DF0E-BB74-69B4-7655-6A456CBA24D5" containerWithKeyObject="BB423E4E-5A02-D48A-4753-154EC4700FF7" localFKIndex="09C940D2-68A8-342B-7A1F-5C03E5E9F39B" name="T_HT_INSTRUCTOR_T_HT_PERSON_FK">
<createdBy>leoru</createdBy>
<createdTime>2022-05-23 22:20:36 UTC</createdTime>
<generatorID>F51EC557-2DE5-FEC1-68B1-DFD3855D493D</generatorID>
<ownerDesignName>modelagem</ownerDesignName>
<referredTableLongName>T_HT_PERSON</referredTableLongName>
<arc>6B529C14-1D02-AF0A-1476-F6FF2ACD6DA3</arc>
<deleteRule>NO ACTION</deleteRule>
<referredTableID>C22F84DF-02BA-BB59-1742-5308311E62A8</referredTableID>
<keyObject>E339C905-43DF-EBE1-D0B1-44093A111CE9</keyObject>
<referredKeyID>E339C905-43DF-EBE1-D0B1-44093A111CE9</referredKeyID>
<mandatory>true</mandatory>
<refColNames>id_person</refColNames>
<transferable>true</transferable>
<rely>false</rely>
<columnDependencyConstraintGenerateInDDL>true</columnDependencyConstraintGenerateInDDL>
</FKIndexAssociation>