<?xml version = '1.0' encoding = 'UTF-8'?>
<FKIndexAssociation class="oracle.dbtools.crest.model.design.relational.FKIndexAssociation" directorySegmentName="seg_0" id="6F61AAA3-191C-7804-5DCD-F7593570C17B" containerWithKeyObject="94AB5026-EE89-9765-7E88-69098ACDD5BB" localFKIndex="0467C13E-0C01-FB63-BC21-3DFE928BB9EC" name="T_HT_DIET_T_HT_CUSTOMER_FK">
<createdBy>leoru</createdBy>
<createdTime>2022-05-23 22:20:36 UTC</createdTime>
<generatorID>60FC517F-8099-B702-DC3D-A058C0F77BA7</generatorID>
<ownerDesignName>modelagem</ownerDesignName>
<referredTableLongName>T_HT_CUSTOMER</referredTableLongName>
<deleteRule>NO ACTION</deleteRule>
<referredTableID>4854D6F3-4596-312A-6978-9944A5F94EF0</referredTableID>
<keyObject>E52FB09E-6A39-54B5-0E80-2783E145D40F</keyObject>
<referredKeyID>E52FB09E-6A39-54B5-0E80-2783E145D40F</referredKeyID>
<mandatory>true</mandatory>
<refColNames>T_HT_PERSON_id_person</refColNames>
<transferable>true</transferable>
<rely>false</rely>
<columnDependencyConstraintGenerateInDDL>true</columnDependencyConstraintGenerateInDDL>
</FKIndexAssociation>