<?xml version = '1.0' encoding = 'UTF-8'?>
<FKIndexAssociation class="oracle.dbtools.crest.model.design.relational.FKIndexAssociation" directorySegmentName="seg_0" id="74E99FE3-DEC6-22B4-FC0B-C70A1FF1787E" containerWithKeyObject="33265D80-2800-1256-E08D-9F080C0CD4FF" localFKIndex="67256B8F-E6CC-CC37-D53D-E62A964A6938" name="T_HT_GOAL_USER_T_HT_CUSTOMER_FK">
<createdBy>leoru</createdBy>
<createdTime>2022-05-23 22:20:36 UTC</createdTime>
<generatorID>31AE60D5-91B0-67E7-9CBC-52EBB029DF98</generatorID>
<ownerDesignName>modelagem</ownerDesignName>
<referredTableLongName>T_HT_CUSTOMER</referredTableLongName>
<deleteRule>NO ACTION</deleteRule>
<referredTableID>4854D6F3-4596-312A-6978-9944A5F94EF0</referredTableID>
<keyObject>E52FB09E-6A39-54B5-0E80-2783E145D40F</keyObject>
<referredKeyID>E52FB09E-6A39-54B5-0E80-2783E145D40F</referredKeyID>
<mandatory>true</mandatory>
<refColNames>T_HT_PERSON_id_person</refColNames>
<transferable>true</transferable>
<rely>false</rely>
<columnDependencyConstraintGenerateInDDL>true</columnDependencyConstraintGenerateInDDL>
</FKIndexAssociation>