<?xml version = '1.0' encoding = 'UTF-8'?>
<FKIndexAssociation class="oracle.dbtools.crest.model.design.relational.FKIndexAssociation" directorySegmentName="seg_0" id="98C82F13-32D7-A8BD-E28F-5D35EEA46AF5" containerWithKeyObject="94AB5026-EE89-9765-7E88-69098ACDD5BB" localFKIndex="8A20446B-3205-30B3-F265-380434A8A6DF" name="T_HT_DIET_T_HT_APPOINTMENT_FK">
<createdBy>leoru</createdBy>
<createdTime>2022-05-23 22:20:36 UTC</createdTime>
<generatorID>4E98D381-D5BD-F528-1AB5-49DF439AA4AD</generatorID>
<ownerDesignName>modelagem</ownerDesignName>
<referredTableLongName>T_HT_APPOINTMENT</referredTableLongName>
<deleteRule>NO ACTION</deleteRule>
<referredTableID>014C6174-0586-8598-86E7-35ED2976539E</referredTableID>
<keyObject>1F103DFF-1AF6-21FC-71B0-E73DED89783D</keyObject>
<referredKeyID>1F103DFF-1AF6-21FC-71B0-E73DED89783D</referredKeyID>
<mandatory>true</mandatory>
<refColNames>id_appointment</refColNames>
<transferable>true</transferable>
<rely>false</rely>
<columnDependencyConstraintGenerateInDDL>true</columnDependencyConstraintGenerateInDDL>
</FKIndexAssociation>