<?xml version = '1.0' encoding = 'UTF-8'?>
<FKIndexAssociation class="oracle.dbtools.crest.model.design.relational.FKIndexAssociation" directorySegmentName="seg_0" id="ACB54973-9FDC-BED6-807B-BEEF533BB0B4" containerWithKeyObject="24252E69-AC84-3B00-35A4-839232D1187D" localFKIndex="14EF4D9B-016A-9B16-45C7-9395CA65B0F6" name="T_HT_MEAL_T_HT_DIET_FK">
<createdBy>leoru</createdBy>
<createdTime>2022-05-23 22:20:36 UTC</createdTime>
<generatorID>5750C686-206E-D40E-E247-21ECE66A9BAB</generatorID>
<ownerDesignName>modelagem</ownerDesignName>
<referredTableLongName>T_HT_DIET</referredTableLongName>
<deleteRule>NO ACTION</deleteRule>
<referredTableID>94AB5026-EE89-9765-7E88-69098ACDD5BB</referredTableID>
<keyObject>49B89CAD-95C1-CB16-769B-D9446C224B26</keyObject>
<referredKeyID>49B89CAD-95C1-CB16-769B-D9446C224B26</referredKeyID>
<mandatory>true</mandatory>
<refColNames>id_diet</refColNames>
<transferable>true</transferable>
<rely>false</rely>
<columnDependencyConstraintGenerateInDDL>true</columnDependencyConstraintGenerateInDDL>
</FKIndexAssociation>