<?xml version = '1.0' encoding = 'UTF-8'?>
<FKIndexAssociation class="oracle.dbtools.crest.model.design.relational.FKIndexAssociation" directorySegmentName="seg_0" id="E43FE60A-6BF3-3864-78A6-B0AB3FC7C370" containerWithKeyObject="014C6174-0586-8598-86E7-35ED2976539E" localFKIndex="791A48D2-3832-F73B-09A3-C24D644CD5C6" name="T_HT_APPOINTMENT_T_HT_CUSTOMER_FK">
<createdBy>leoru</createdBy>
<createdTime>2022-05-23 22:20:36 UTC</createdTime>
<generatorID>FE7372FB-43F8-22F1-3DCC-AF3C4D90ACA6</generatorID>
<ownerDesignName>modelagem</ownerDesignName>
<referredTableLongName>T_HT_CUSTOMER</referredTableLongName>
<deleteRule>NO ACTION</deleteRule>
<referredTableID>4854D6F3-4596-312A-6978-9944A5F94EF0</referredTableID>
<keyObject>E52FB09E-6A39-54B5-0E80-2783E145D40F</keyObject>
<referredKeyID>E52FB09E-6A39-54B5-0E80-2783E145D40F</referredKeyID>
<mandatory>true</mandatory>
<refColNames>T_HT_PERSON_id_person</refColNames>
<transferable>true</transferable>
<rely>false</rely>
<columnDependencyConstraintGenerateInDDL>true</columnDependencyConstraintGenerateInDDL>
</FKIndexAssociation>