<?xml version = '1.0' encoding = 'UTF-8'?>
<FKIndexAssociation class="oracle.dbtools.crest.model.design.relational.FKIndexAssociation" directorySegmentName="seg_0" id="F6077A0B-C394-4478-9AE9-387F64AC4DA4" containerWithKeyObject="79E5E8E2-17D9-CFE2-9D72-2A6B0BE9B238" localFKIndex="1C16C477-18FB-1D94-FB1A-6FE5417C4AA0" name="T_HT_UNIT_INGREDIENT_T_HT_UNIT_FK">
<createdBy>leoru</createdBy>
<createdTime>2022-05-23 22:20:36 UTC</createdTime>
<generatorID>E2E3D450-6F8B-3304-F3CF-B1DE4D935A29</generatorID>
<ownerDesignName>modelagem</ownerDesignName>
<referredTableLongName>T_HT_UNIT</referredTableLongName>
<deleteRule>NO ACTION</deleteRule>
<referredTableID>69897F8D-EEFA-6445-10CB-44CE6A6ED764</referredTableID>
<keyObject>A50A3DAB-A886-0B9C-1C2D-99FE5C8FF6DF</keyObject>
<referredKeyID>A50A3DAB-A886-0B9C-1C2D-99FE5C8FF6DF</referredKeyID>
<mandatory>true</mandatory>
<refColNames>id_unit</refColNames>
<transferable>true</transferable>
<rely>false</rely>
<columnDependencyConstraintGenerateInDDL>true</columnDependencyConstraintGenerateInDDL>
</FKIndexAssociation>