<?xml version="1.0" encoding="UTF-8" ?>
<settings>
	<logical_type_for_domain_presentation value="false" />
	<automatic_pk_generation value="false" />
	<automatic_uk_generation value="false" />
	<automatic_fk_generation value="false" />
	<preserve_ddl_generation_options value="false" />
	<use_global_design_level_settings value="false" />
	<use_preferred_classification_types value="false" />
	<substitution_patterns>
	</substitution_patterns>
	<classification_types>
		<type name="Fato" color="-7482" fgcolor="-16776961" prefix="" id="1" preferred="false" >
		<fonts>
			<font_object fo_type="Título" font_color="-16776961" font_name="Dialog" font_size="10" font_style="1" id="1"/>
			<font_object fo_type="Elemento" font_color="-16777216" font_name="Dialog" font_size="10" font_style="0" id="4"/>
			<font_object fo_type="Tipo de dados" font_color="-16744448" font_name="Dialog" font_size="10" font_style="0" id="5"/>
			<font_object fo_type="Elemento da Chave Primária" font_color="-16776961" font_name="Dialog" font_size="10" font_style="0" id="7"/>
			<font_object fo_type="Elemento da Chave Estrangeira" font_color="-16777216" font_name="Dialog" font_size="10" font_style="0" id="8"/>
			<font_object fo_type="Elemento de Chave Exclusiva" font_color="-16776961" font_name="Dialog" font_size="10" font_style="0" id="9"/>
			<font_object fo_type="NOT NULL" font_color="-65536" font_name="Dialog" font_size="10" font_style="0" id="10"/>
			<font_object fo_type="Chave" font_color="-16777216" font_name="Dialog" font_size="10" font_style="0" id="6"/>
			<font_object fo_type="Comentários" font_color="-12566464" font_name="Dialog" font_size="10" font_style="0" id="28"/>
		</fonts>
		</type>
		<type name="Dimensão" color="-1781507" fgcolor="-16776961" prefix="" id="2" preferred="false" >
		<fonts>
			<font_object fo_type="Título" font_color="-16776961" font_name="Dialog" font_size="10" font_style="1" id="1"/>
			<font_object fo_type="Elemento" font_color="-16777216" font_name="Dialog" font_size="10" font_style="0" id="4"/>
			<font_object fo_type="Tipo de dados" font_color="-16744448" font_name="Dialog" font_size="10" font_style="0" id="5"/>
			<font_object fo_type="Elemento da Chave Primária" font_color="-16776961" font_name="Dialog" font_size="10" font_style="0" id="7"/>
			<font_object fo_type="Elemento da Chave Estrangeira" font_color="-16777216" font_name="Dialog" font_size="10" font_style="0" id="8"/>
			<font_object fo_type="Elemento de Chave Exclusiva" font_color="-16776961" font_name="Dialog" font_size="10" font_style="0" id="9"/>
			<font_object fo_type="NOT NULL" font_color="-65536" font_name="Dialog" font_size="10" font_style="0" id="10"/>
			<font_object fo_type="Chave" font_color="-16777216" font_name="Dialog" font_size="10" font_style="0" id="6"/>
			<font_object fo_type="Comentários" font_color="-12566464" font_name="Dialog" font_size="10" font_style="0" id="28"/>
		</fonts>
		</type>
		<type name="Registrando" color="-1776412" fgcolor="-16776961" prefix="" id="3" preferred="false" >
		<fonts>
			<font_object fo_type="Título" font_color="-16776961" font_name="Dialog" font_size="10" font_style="1" id="1"/>
			<font_object fo_type="Elemento" font_color="-16777216" font_name="Dialog" font_size="10" font_style="0" id="4"/>
			<font_object fo_type="Tipo de dados" font_color="-16744448" font_name="Dialog" font_size="10" font_style="0" id="5"/>
			<font_object fo_type="Elemento da Chave Primária" font_color="-16776961" font_name="Dialog" font_size="10" font_style="0" id="7"/>
			<font_object fo_type="Elemento da Chave Estrangeira" font_color="-16777216" font_name="Dialog" font_size="10" font_style="0" id="8"/>
			<font_object fo_type="Elemento de Chave Exclusiva" font_color="-16776961" font_name="Dialog" font_size="10" font_style="0" id="9"/>
			<font_object fo_type="NOT NULL" font_color="-65536" font_name="Dialog" font_size="10" font_style="0" id="10"/>
			<font_object fo_type="Chave" font_color="-16777216" font_name="Dialog" font_size="10" font_style="0" id="6"/>
			<font_object fo_type="Comentários" font_color="-12566464" font_name="Dialog" font_size="10" font_style="0" id="28"/>
		</fonts>
		</type>
		<type name="Resumo" color="-3148598" fgcolor="-16776961" prefix="" id="4" preferred="false" >
		<fonts>
			<font_object fo_type="Título" font_color="-16776961" font_name="Dialog" font_size="10" font_style="1" id="1"/>
			<font_object fo_type="Elemento" font_color="-16777216" font_name="Dialog" font_size="10" font_style="0" id="4"/>
			<font_object fo_type="Tipo de dados" font_color="-16744448" font_name="Dialog" font_size="10" font_style="0" id="5"/>
			<font_object fo_type="Elemento da Chave Primária" font_color="-16776961" font_name="Dialog" font_size="10" font_style="0" id="7"/>
			<font_object fo_type="Elemento da Chave Estrangeira" font_color="-16777216" font_name="Dialog" font_size="10" font_style="0" id="8"/>
			<font_object fo_type="Elemento de Chave Exclusiva" font_color="-16776961" font_name="Dialog" font_size="10" font_style="0" id="9"/>
			<font_object fo_type="NOT NULL" font_color="-65536" font_name="Dialog" font_size="10" font_style="0" id="10"/>
			<font_object fo_type="Chave" font_color="-16777216" font_name="Dialog" font_size="10" font_style="0" id="6"/>
			<font_object fo_type="Comentários" font_color="-12566464" font_name="Dialog" font_size="10" font_style="0" id="28"/>
		</fonts>
		</type>
		<type name="Temporário" color="-1" fgcolor="-16776961" prefix="" id="5" preferred="false" >
		<fonts>
			<font_object fo_type="Título" font_color="-16776961" font_name="Dialog" font_size="10" font_style="1" id="1"/>
			<font_object fo_type="Elemento" font_color="-16777216" font_name="Dialog" font_size="10" font_style="0" id="4"/>
			<font_object fo_type="Tipo de dados" font_color="-16744448" font_name="Dialog" font_size="10" font_style="0" id="5"/>
			<font_object fo_type="Elemento da Chave Primária" font_color="-16776961" font_name="Dialog" font_size="10" font_style="0" id="7"/>
			<font_object fo_type="Elemento da Chave Estrangeira" font_color="-16777216" font_name="Dialog" font_size="10" font_style="0" id="8"/>
			<font_object fo_type="Elemento de Chave Exclusiva" font_color="-16776961" font_name="Dialog" font_size="10" font_style="0" id="9"/>
			<font_object fo_type="NOT NULL" font_color="-65536" font_name="Dialog" font_size="10" font_style="0" id="10"/>
			<font_object fo_type="Chave" font_color="-16777216" font_name="Dialog" font_size="10" font_style="0" id="6"/>
			<font_object fo_type="Comentários" font_color="-12566464" font_name="Dialog" font_size="10" font_style="0" id="28"/>
		</fonts>
		</type>
		<type name="Externo" color="-720908" fgcolor="-16776961" prefix="" id="6" preferred="false" >
		<fonts>
			<font_object fo_type="Título" font_color="-16776961" font_name="Dialog" font_size="10" font_style="1" id="1"/>
			<font_object fo_type="Elemento" font_color="-16777216" font_name="Dialog" font_size="10" font_style="0" id="4"/>
			<font_object fo_type="Tipo de dados" font_color="-16744448" font_name="Dialog" font_size="10" font_style="0" id="5"/>
			<font_object fo_type="Elemento da Chave Primária" font_color="-16776961" font_name="Dialog" font_size="10" font_style="0" id="7"/>
			<font_object fo_type="Elemento da Chave Estrangeira" font_color="-16777216" font_name="Dialog" font_size="10" font_style="0" id="8"/>
			<font_object fo_type="Elemento de Chave Exclusiva" font_color="-16776961" font_name="Dialog" font_size="10" font_style="0" id="9"/>
			<font_object fo_type="NOT NULL" font_color="-65536" font_name="Dialog" font_size="10" font_style="0" id="10"/>
			<font_object fo_type="Chave" font_color="-16777216" font_name="Dialog" font_size="10" font_style="0" id="6"/>
			<font_object fo_type="Comentários" font_color="-12566464" font_name="Dialog" font_size="10" font_style="0" id="28"/>
		</fonts>
		</type>
		</classification_types>
	<default_fonts_and_colors>
		<fc_object classname="Entity" background="-5971457" foreground="-16776961" noBackgroundColor="false" noForegroundColor="false">
		<fonts>
			<font_object fo_type="Título" font_color="-16776961" font_name="Dialog" font_size="10" font_style="1" id="1"/>
			<font_object fo_type="Atributo" font_color="-16777216" font_name="Dialog" font_size="10" font_style="0" id="3"/>
			<font_object fo_type="Tipo de dados" font_color="-16744448" font_name="Dialog" font_size="10" font_style="0" id="5"/>
			<font_object fo_type="Elemento da Chave Primária" font_color="-16776961" font_name="Dialog" font_size="10" font_style="0" id="7"/>
			<font_object fo_type="Elemento da Chave Estrangeira" font_color="-16777216" font_name="Dialog" font_size="10" font_style="0" id="8"/>
			<font_object fo_type="Elemento de Chave Exclusiva" font_color="-16776961" font_name="Dialog" font_size="10" font_style="0" id="9"/>
			<font_object fo_type="NOT NULL" font_color="-65536" font_name="Dialog" font_size="10" font_style="0" id="10"/>
			<font_object fo_type="Chave" font_color="-16777216" font_name="Dialog" font_size="10" font_style="0" id="6"/>
			<font_object fo_type="Comentários" font_color="-12566464" font_name="Dialog" font_size="10" font_style="0" id="28"/>
		</fonts>
		</fc_object>
		<fc_object classname="Logical View" background="-25750" foreground="-16776961" noBackgroundColor="false" noForegroundColor="false">
		<fonts>
			<font_object fo_type="Título" font_color="-16776961" font_name="Dialog" font_size="10" font_style="1" id="1"/>
			<font_object fo_type="Atributo" font_color="-16777216" font_name="Dialog" font_size="10" font_style="0" id="3"/>
			<font_object fo_type="Tipo de dados" font_color="-16744448" font_name="Dialog" font_size="10" font_style="0" id="5"/>
			<font_object fo_type="Comentários" font_color="-12566464" font_name="Dialog" font_size="10" font_style="0" id="28"/>
		</fonts>
		</fc_object>
		<fc_object classname="Table" background="-76" foreground="-16776961" noBackgroundColor="false" noForegroundColor="false">
		<fonts>
			<font_object fo_type="Título" font_color="-16776961" font_name="Dialog" font_size="10" font_style="1" id="1"/>
			<font_object fo_type="Coluna" font_color="-16777216" font_name="Dialog" font_size="10" font_style="0" id="2"/>
			<font_object fo_type="Tipo de dados" font_color="-16744448" font_name="Dialog" font_size="10" font_style="0" id="5"/>
			<font_object fo_type="Elemento da Chave Primária" font_color="-16776961" font_name="Dialog" font_size="10" font_style="0" id="7"/>
			<font_object fo_type="Elemento da Chave Estrangeira" font_color="-16777216" font_name="Dialog" font_size="10" font_style="0" id="8"/>
			<font_object fo_type="Elemento de Chave Exclusiva" font_color="-16776961" font_name="Dialog" font_size="10" font_style="0" id="9"/>
			<font_object fo_type="NOT NULL" font_color="-65536" font_name="Dialog" font_size="10" font_style="0" id="10"/>
			<font_object fo_type="Chave" font_color="-16777216" font_name="Dialog" font_size="10" font_style="0" id="6"/>
			<font_object fo_type="Comentários" font_color="-12566464" font_name="Dialog" font_size="10" font_style="0" id="28"/>
		</fonts>
		</fc_object>
		<fc_object classname="Relational View" background="-6881386" foreground="-16776961" noBackgroundColor="false" noForegroundColor="false">
		<fonts>
			<font_object fo_type="Título" font_color="-16776961" font_name="Dialog" font_size="10" font_style="1" id="1"/>
			<font_object fo_type="Coluna" font_color="-16777216" font_name="Dialog" font_size="10" font_style="0" id="2"/>
			<font_object fo_type="Tipo de dados" font_color="-16744448" font_name="Dialog" font_size="10" font_style="0" id="5"/>
			<font_object fo_type="Elemento da Chave Primária" font_color="-16776961" font_name="Dialog" font_size="10" font_style="0" id="7"/>
			<font_object fo_type="Elemento da Chave Estrangeira" font_color="-16777216" font_name="Dialog" font_size="10" font_style="0" id="8"/>
			<font_object fo_type="Elemento de Chave Exclusiva" font_color="-16776961" font_name="Dialog" font_size="10" font_style="0" id="9"/>
			<font_object fo_type="NOT NULL" font_color="-65536" font_name="Dialog" font_size="10" font_style="0" id="10"/>
			<font_object fo_type="Chave" font_color="-16777216" font_name="Dialog" font_size="10" font_style="0" id="6"/>
			<font_object fo_type="Comentários" font_color="-12566464" font_name="Dialog" font_size="10" font_style="0" id="28"/>
		</fonts>
		</fc_object>
		<fc_object classname="Structured Type" background="-7537956" foreground="-16777216" noBackgroundColor="false" noForegroundColor="false">
		<fonts>
			<font_object fo_type="Título" font_color="-16776961" font_name="Dialog" font_size="10" font_style="1" id="1"/>
			<font_object fo_type="Atributo" font_color="-16777216" font_name="Dialog" font_size="10" font_style="0" id="3"/>
			<font_object fo_type="Tipo de dados" font_color="-16777056" font_name="Dialog" font_size="10" font_style="0" id="5"/>
			<font_object fo_type="Método" font_color="-16777216" font_name="Dialog" font_size="10" font_style="0" id="11"/>
			<font_object fo_type="Não Instanciável" font_color="-65536" font_name="Dialog" font_size="10" font_style="0" id="12"/>
			<font_object fo_type="Obrigatório" font_color="-65536" font_name="Dialog" font_size="10" font_style="0" id="13"/>
		</fonts>
		</fc_object>
		<fc_object classname="Cube" background="-7482" foreground="-16777216" noBackgroundColor="false" noForegroundColor="false">
		<fonts>
			<font_object fo_type="Título" font_color="-16776961" font_name="Dialog" font_size="10" font_style="1" id="1"/>
			<font_object fo_type="Entidades de Fato" font_color="-16776961" font_name="Dialog" font_size="10" font_style="0" id="14"/>
			<font_object fo_type="Tipo de Medida" font_color="-16776961" font_name="Dialog" font_size="10" font_style="0" id="17"/>
			<font_object fo_type="Medida" font_color="-16777216" font_name="Dialog" font_size="10" font_style="0" id="16"/>
			<font_object fo_type="Função" font_color="-16777056" font_name="Dialog" font_size="10" font_style="0" id="20"/>
			<font_object fo_type="Fórmula" font_color="-65536" font_name="Dialog" font_size="10" font_style="0" id="18"/>
			<font_object fo_type="Atributos de Filho para Pai" font_color="-16777216" font_name="Dialog" font_size="10" font_style="0" id="19"/>
		</fonts>
		</fc_object>
		<fc_object classname="Dimension" background="-16713196" foreground="-16777216" noBackgroundColor="false" noForegroundColor="false">
		<fonts>
			<font_object fo_type="Título" font_color="-16776961" font_name="Dialog" font_size="10" font_style="1" id="1"/>
		</fonts>
		</fc_object>
		<fc_object classname="Level" background="-1781507" foreground="-16777216" noBackgroundColor="false" noForegroundColor="false">
		<fonts>
			<font_object fo_type="Título" font_color="-16776961" font_name="Dialog" font_size="10" font_style="1" id="1"/>
			<font_object fo_type="Entidade do Nível" font_color="-16776961" font_name="Dialog" font_size="10" font_style="0" id="15"/>
			<font_object fo_type="Tipo" font_color="-16776961" font_name="Dialog" font_size="10" font_style="0" id="21"/>
			<font_object fo_type="Atributo" font_color="-16777216" font_name="Dialog" font_size="10" font_style="0" id="3"/>
			<font_object fo_type="Função" font_color="-16777216" font_name="Dialog" font_size="10" font_style="0" id="20"/>
		</fonts>
		</fc_object>
		<fc_object classname="Process" background="-106" foreground="-16777216" noBackgroundColor="false" noForegroundColor="false">
		<fonts>
			<font_object fo_type="Título" font_color="-16776961" font_name="Dialog" font_size="10" font_style="1" id="1"/>
			<font_object fo_type="Número do Processo" font_color="-65536" font_name="Dialog" font_size="10" font_style="0" id="22"/>
			<font_object fo_type="Tarefa de Transformação" font_color="-16777216" font_name="Dialog" font_size="10" font_style="0" id="23"/>
		</fonts>
		</fc_object>
		<fc_object classname="External Agent" background="-5570646" foreground="-16777216" noBackgroundColor="false" noForegroundColor="false">
		<fonts>
			<font_object fo_type="Título" font_color="-16776961" font_name="Dialog" font_size="10" font_style="1" id="1"/>
		</fonts>
		</fc_object>
		<fc_object classname="Information Store" background="-10170881" foreground="-16777216" noBackgroundColor="false" noForegroundColor="false">
		<fonts>
			<font_object fo_type="Título" font_color="-16776961" font_name="Dialog" font_size="10" font_style="1" id="1"/>
			<font_object fo_type="Número" font_color="-1" font_name="Dialog" font_size="10" font_style="1" id="24"/>
		</fonts>
		</fc_object>
		<fc_object classname="In-Out Parameters" background="-328966" foreground="-16777216" noBackgroundColor="false" noForegroundColor="false">
		<fonts>
			<font_object fo_type="Título" font_color="-16777216" font_name="Dialog" font_size="10" font_style="1" id="1"/>
			<font_object fo_type="Parâmetros" font_color="-16777216" font_name="Dialog" font_size="10" font_style="0" id="26"/>
			<font_object fo_type="Tipo de dados" font_color="-65536" font_name="Dialog" font_size="10" font_style="0" id="5"/>
		</fonts>
		</fc_object>
		<fc_object classname="Transformation" background="-43" foreground="-16777216" noBackgroundColor="false" noForegroundColor="false">
		<fonts>
			<font_object fo_type="Título" font_color="-16777216" font_name="Dialog" font_size="10" font_style="1" id="1"/>
			<font_object fo_type="Número do Processo" font_color="-65536" font_name="Dialog" font_size="10" font_style="0" id="22"/>
		</fonts>
		</fc_object>
		<fc_object classname="Note" background="-4144960" foreground="-16777216" noBackgroundColor="false" noForegroundColor="false">
		<fonts>
			<font_object fo_type="Título" font_color="-16777216" font_name="Dialog" font_size="10" font_style="0" id="1"/>
		</fonts>
		</fc_object>
		<fc_object classname="Label" background="-1" foreground="-16777216" noBackgroundColor="true" noForegroundColor="true">
		<fonts>
			<font_object fo_type="Texto" font_color="-16777216" font_name="Dialog" font_size="10" font_style="0" id="27"/>
		</fonts>
		</fc_object>
		<fc_object classname="Relationship Attributes" background="-26266" foreground="-16777216" noBackgroundColor="false" noForegroundColor="false">
		<fonts>
			<font_object fo_type="Atributo" font_color="-16777216" font_name="Dialog" font_size="10" font_style="0" id="3"/>
			<font_object fo_type="Tipo de dados" font_color="-16744448" font_name="Dialog" font_size="10" font_style="0" id="5"/>
			<font_object fo_type="NOT NULL" font_color="-65536" font_name="Dialog" font_size="10" font_style="0" id="10"/>
		</fonts>
		</fc_object>
		<fc_object classname="Legend" background="-1" foreground="-16777216" noBackgroundColor="false" noForegroundColor="false">
		<fonts>
			<font_object fo_type="Diagrama" font_color="-16777216" font_name="Dialog" font_size="10" font_style="0" id="29"/>
			<font_object fo_type="Autor" font_color="-16777216" font_name="Dialog" font_size="10" font_style="0" id="30"/>
			<font_object fo_type="Criado em" font_color="-16777216" font_name="Dialog" font_size="10" font_style="0" id="31"/>
			<font_object fo_type="Modificado em" font_color="-16777216" font_name="Dialog" font_size="10" font_style="0" id="32"/>
			<font_object fo_type="Modificado por" font_color="-16777216" font_name="Dialog" font_size="10" font_style="0" id="33"/>
			<font_object fo_type="Design" font_color="-16777216" font_name="Dialog" font_size="10" font_style="0" id="34"/>
			<font_object fo_type="Modelo" font_color="-16777216" font_name="Dialog" font_size="10" font_style="0" id="35"/>
			<font_object fo_type="Propriedades Definidas pelo Usuário" font_color="-16777216" font_name="Dialog" font_size="10" font_style="0" id="36"/>
		</fonts>
		</fc_object>
	</default_fonts_and_colors>
	<default_line_widths_and_colors>
		<lwc_object classname="Logical Relation" color="-16777216" width="1">
		</lwc_object>
		<lwc_object classname="Logical Inheritance" color="-65536" width="1">
		</lwc_object>
		<lwc_object classname="Relational Foreign Key" color="-16777216" width="1">
		</lwc_object>
		<lwc_object classname="Type Substitution" color="-16725996" width="1">
		</lwc_object>
		<lwc_object classname="Implied Foreign Key" color="-2472729" width="1">
		</lwc_object>
		<lwc_object classname="Datatype Reference" color="-16776961" width="1">
		</lwc_object>
		<lwc_object classname="Datatype Inheritance" color="-65536" width="1">
		</lwc_object>
		<lwc_object classname="Multidimentional Link" color="-16776961" width="1">
		</lwc_object>
		<lwc_object classname="Multidimensional Hierarchy" color="-16725996" width="1">
		</lwc_object>
		<lwc_object classname="Process Flow" color="-65536" width="1">
		</lwc_object>
	</default_line_widths_and_colors>
	<naming_standard_rules>
		<logical>
			<separator value= "Space" char=" "/>
			<entity>
			</entity>
			<attribute>
			</attribute>
		</logical>
		<relational>
			<separator value= "_" abbreviated_only="false"/>
			<table>
			</table>
			<column>
			</column>
		</relational>
		<domains>
			<separator value= " "/>
			<domain>
			</domain>
		</domains>
		<constraints>
			<pk value="{table}_PK"/>
			<fk value="{child}_{parent}_FK"/>
			<ck value="{table}_CK"/>
			<un value="{table}_{column}_UN"/>
			<idx value="{table}_{column}_IDX"/>
			<automatic_idx value="{table}_{column}_IDX"/>
			<colck value="CK_{table}_{column}"/>
			<colnnc value="NNC_{table abbr}_{column}"/>
			<column_foreign_key value="{ref table}_{ref column}"/>
			<ui value="{entity} PK"/>
			<relation_attribute value="{ref entity}_{ref attribute}"/>
			<surrogate_key value="{table abbr}_PK"/>
			<surrogate_key_col value="{table abbr}_ID"/>
			<discriminator_col value="{table abbr}_TYPE"/>
		</constraints>
		<glossaries>
		</glossaries>
	</naming_standard_rules>
	<comparemapping>
	</comparemapping>
	<engineering_params>
		<delete_without_origin value="false"/>
		<engineer_coordinates value="true"/>
		<engineer_generated value="true"/>
		<show_engineering_intree value="false"/>
		<apply_naming_std value="true"/>
		<use_pref_abbreviation value="true"/>
		<upload_directory value=""/>
		<date_format value="YYYY/MM/DD HH24:MI:SS"/>
		<timestamp_format value="YYYY/MM/DD HH24:MI:SS.FF"/>
		<timestamp_tz_format value="YYYY/MM/DD HH24:MI:SS.FFTZH:TZM"/>
	</engineering_params>
	<eng_compare show_sel_prop_only="true" not_apply_for_new_objects="true" exclude_from_tree="false">
		<entity_table>
			<property name="Nome" selected="true"/>
			<property name="Nome Curto/Abreviação" selected="true"/>
			<property name="Obsoleto" selected="true"/>
			<property name="Comentário" selected="true"/>
			<property name="Comentário no RDBMS" selected="true"/>
			<property name="Observações" selected="true"/>
			<property name="Escopo da Tabela Temporária" selected="true"/>
			<property name="Tipo de Tabela" selected="true"/>
			<property name="Tipo Estruturado" selected="true"/>
			<property name="Substituição de Tipo (Objeto do Tipo e Super)" selected="true"/>
			<property name="Permitir Substituição de Tipo" selected="true"/>
			<property name="Volumes Mín." selected="true"/>
			<property name="Volumes Esperados" selected="true"/>
			<property name="Volumes Máx." selected="true"/>
			<property name="Percentual de Crescimento" selected="true"/>
			<property name="Tipo de Crescimento" selected="true"/>
			<property name="Form Normal" selected="true"/>
			<property name="Normalizado Adequadamente" selected="true"/>
		</entity_table>
		<attribute_column>
			<property name="Nome" selected="true"/>
			<property name="Obsoleto" selected="true"/>
			<property name="Tipo de Dados" selected="true"/>
			<property name="Espécie de Tipo de Dados" selected="true"/>
			<property name="Obrigatório" selected="true"/>
			<property name="Valor Padrão" selected="true"/>
			<property name="Nome da Restrição de Verificação" selected="true"/>
			<property name="Usar Restrição de Domínio" selected="true"/>
			<property name="Restrição de Verificação" selected="true"/>
			<property name="Restrição de Faixa" selected="true"/>
			<property name="Restrição LOV" selected="true"/>
			<property name="Comentário" selected="true"/>
			<property name="Comentário no RDBMS" selected="true"/>
			<property name="Observações" selected="true"/>
			<property name="Tipo de Origem" selected="true"/>
			<property name="Descrição da Fórmula" selected="true"/>
			<property name="Substituição de Tipo" selected="true"/>
			<property name="Escopo" selected="true"/>
		</attribute_column>
		<key_index>
			<property name="Nome" selected="true"/>
			<property name="Obsoleto" selected="true"/>
			<property name="Comentário" selected="true"/>
			<property name="Comentário no RDBMS" selected="true"/>
			<property name="Observações" selected="true"/>
			<property name="Chave Primária" selected="true"/>
			<property name="Atributos/Colunas" selected="true"/>
		</key_index>
		<relation_fk>
			<property name="Nome" selected="true"/>
			<property name="Excluir Regra" selected="true"/>
			<property name="Comentário" selected="true"/>
			<property name="Comentário no RDBMS" selected="true"/>
			<property name="Observações" selected="true"/>
		</relation_fk>
		<relation_table>
			<property name="Nome" selected="true"/>
			<property name="Comentário" selected="true"/>
			<property name="Comentário no RDBMS" selected="true"/>
			<property name="Observações" selected="true"/>
		</relation_table>
		<entityview_view>
			<property name="Nome" selected="true"/>
			<property name="Obsoleto" selected="true"/>
			<property name="Comentário" selected="true"/>
			<property name="Comentário no RDBMS" selected="true"/>
			<property name="Observações" selected="true"/>
			<property name="Tipo Estruturado" selected="true"/>
			<property name="Substituição de Tipo (Objeto do Tipo e Super)" selected="true"/>
			<property name="WHERE" selected="true"/>
			<property name="HAVING" selected="true"/>
			<property name="Definido pelo Usuário" selected="true"/>
		</entityview_view>
	</eng_compare>
	<model_compare_props_filter>
	</model_compare_props_filter>
	<model_compare_dyn_props_filter>
	</model_compare_dyn_props_filter>
	<model_compare_storage_props_filter>
	</model_compare_storage_props_filter>
	<naming_options>
		<model_options objectid="AB47B1E5-5046-889F-9937-B51B5AD9E44C">
			<naming_option class_name="oracle.dbtools.crest.model.design.relational.Table" max_name_length="30" case_type="2" valid_characters="" all_valid="true" />
			<naming_option class_name="oracle.dbtools.crest.model.design.relational.Column" max_name_length="30" case_type="2" valid_characters="" all_valid="true" />
			<naming_option class_name="oracle.dbtools.crest.model.design.relational.TableView" max_name_length="30" case_type="2" valid_characters="" all_valid="true" />
			<naming_option class_name="oracle.dbtools.crest.model.design.constraint.TableLevelConstraint" max_name_length="30" case_type="2" valid_characters="" all_valid="true" />
			<naming_option class_name="oracle.dbtools.crest.model.design.relational.FKIndexAssociation" max_name_length="30" case_type="2" valid_characters="" all_valid="true" />
			<naming_option class_name="oracle.dbtools.crest.model.design.relational.Index" max_name_length="30" case_type="2" valid_characters="" all_valid="true" />
		</model_options>
		<model_options objectid="BCAF27A9-910F-FB5E-0333-01DCF338F78C">
			<naming_option class_name="oracle.dbtools.crest.model.design.logical.Entity" max_name_length="254" case_type="2" valid_characters="" all_valid="true" />
			<naming_option class_name="oracle.dbtools.crest.model.design.logical.Attribute" max_name_length="254" case_type="2" valid_characters="" all_valid="true" />
			<naming_option class_name="oracle.dbtools.crest.model.design.logical.EntityView" max_name_length="254" case_type="2" valid_characters="" all_valid="true" />
		</model_options>
	</naming_options>
	<deleted_files>
	</deleted_files>
	<dynamic_properties>
	</dynamic_properties>
	<design_estimates>
		<logical_model_estimates>
			<entities value="70"/>
			<relations value="70"/>
			<views value="70"/>
			<arcs value="70"/>
		</logical_model_estimates>
		<data_types_model_estimates>
			<structured_types value="70"/>
			<collection_types value="70"/>
			<distinct_types value="70"/>
		</data_types_model_estimates>
		<relational_model_estimates>
			<relational_model_0_estimates>
				<relational_model_name value="Relational_1"/>
				<tables value="70"/>
				<views value="70"/>
				<foreign_keys value="70"/>
				<schemas value="70"/>
				<subviews value="70"/>
				<arcs value="70"/>
			</relational_model_0_estimates>
		</relational_model_estimates>
	</design_estimates>
</settings>