<?xml version = '1.0' encoding = 'UTF-8'?>
<Diagram class="oracle.dbtools.crest.swingui.logical.DPVLogical" name="Logical" id="B81B86EA-0C63-C2AD-D1A8-D094E9465A69">
<createdBy>leoru</createdBy>
<modifiedBy>leoru</modifiedBy>
<createdTime>2022-05-12 20:47:57 UTC</createdTime>
<autoRoute>false</autoRoute>
<boxInbox>true</boxInbox>
<showLegend>false</showLegend>
<showLabels>false</showLabels>
<showRelAttributes>false</showRelAttributes>
<gridEnabled>false</gridEnabled>
<showGrid>false</showGrid>
<diagramColor>-1</diagramColor>
<display>false</display>
<notation>2</notation>
<objectViews>
<OView class="oracle.dbtools.crest.swingui.logical.TVEntity" oid="1A46FB14-E4BB-3EDE-D70D-59BD3C723D7E" otype="Entity" vid="2962B263-3BF9-A2F9-4E34-BA76C9CFD877">
<hideElementsInCurrentOnly>false</hideElementsInCurrentOnly>
<bounds x="658" y="229" width="170" height="110"/>
</OView>
<OView class="oracle.dbtools.crest.swingui.logical.TVEntity" oid="22B51035-A907-3282-F6C7-3BF75C057372" otype="Entity" vid="84244D51-EFE0-D0BD-4B10-4EC5BAE2064F">
<hideElementsInCurrentOnly>false</hideElementsInCurrentOnly>
<bounds x="66" y="32" width="170" height="159"/>
</OView>
<OView class="oracle.dbtools.crest.swingui.logical.TVEntity" oid="29052EBB-E705-EABC-96DB-2E5F46FB9658" otype="Entity" vid="7FF48E3C-E111-60AB-63BF-32ED6AB6F8A0">
<hideElementsInCurrentOnly>false</hideElementsInCurrentOnly>
<bounds x="1597" y="295" width="163" height="96"/>
</OView>
<OView class="oracle.dbtools.crest.swingui.logical.TVEntity" oid="312DEAF4-6F6A-8A95-8014-7105D9AA9231" otype="Entity" vid="2E204727-3BF4-8DCD-DF1E-5121D4990CC2">
<hideElementsInCurrentOnly>false</hideElementsInCurrentOnly>
<bounds x="590" y="619" width="261" height="105"/>
</OView>
<OView class="oracle.dbtools.crest.swingui.logical.TVEntity" oid="4575F5DE-F534-863B-6CD1-357E7799A646" otype="Entity" vid="0CC53224-2CD0-1205-6CE3-0E1CF2BEC37A">
<hideElementsInCurrentOnly>false</hideElementsInCurrentOnly>
<bounds x="1106" y="295" width="190" height="96"/>
</OView>
<OView class="oracle.dbtools.crest.swingui.logical.TVEntity" oid="47708EBC-60E9-4F7A-D32D-A43A38CA7534" otype="Entity" vid="CDE0820E-746A-4256-C1D2-26CB2E7F04F2">
<hideElementsInCurrentOnly>false</hideElementsInCurrentOnly>
<bounds x="911" y="110" width="209" height="111"/>
</OView>
<OView class="oracle.dbtools.crest.swingui.logical.TVEntity" oid="698B3F5B-5F93-EC7D-015E-72F53FF4CBD5" otype="Entity" vid="20320C5F-D8C7-2578-435F-D2B09CB1FC3C">
<hideElementsInCurrentOnly>false</hideElementsInCurrentOnly>
<bounds x="1206" y="106" width="169" height="111"/>
</OView>
<OView class="oracle.dbtools.crest.swingui.logical.TVEntity" oid="6AE8A7DE-9A2F-FBB2-5613-DE850ACF607D" otype="Entity" vid="410E40D4-ADF9-C043-C8E0-30E05CFE296A">
<hideElementsInCurrentOnly>false</hideElementsInCurrentOnly>
<bounds x="173" y="432" width="243" height="144"/>
</OView>
<OView class="oracle.dbtools.crest.swingui.logical.TVEntity" oid="922770B8-4D76-F728-D0BD-FBF82FDAFDB3" otype="Entity" vid="6DCE2D01-1811-668B-C6A5-64D6FAD49752">
<hideElementsInCurrentOnly>false</hideElementsInCurrentOnly>
<bounds x="183" y="229" width="201" height="110"/>
</OView>
<OView class="oracle.dbtools.crest.swingui.logical.TVEntity" oid="9DB8F827-2D1C-8784-B0FC-F9CDD1494841" otype="Entity" vid="07EF96E1-CB0D-3024-47DE-59BE619E684E">
<hideElementsInCurrentOnly>false</hideElementsInCurrentOnly>
<bounds x="319" y="25" width="181" height="167"/>
</OView>
<OView class="oracle.dbtools.crest.swingui.logical.TVEntity" oid="A01DF03F-6E6B-E46A-6B56-4F68EC7C1F34" otype="Entity" vid="6C5A6587-C02B-B667-D5B4-EDE7A370B780">
<hideElementsInCurrentOnly>false</hideElementsInCurrentOnly>
<bounds x="1373" y="304" width="154" height="97"/>
</OView>
<OView class="oracle.dbtools.crest.swingui.logical.TVEntity" oid="D8743627-7D01-B71C-E345-1F6F1335B78D" otype="Entity" vid="88D81360-670E-9E1E-B312-26D66924324B">
<hideElementsInCurrentOnly>false</hideElementsInCurrentOnly>
<bounds x="1458" y="121" width="196" height="93"/>
</OView>
<OView class="oracle.dbtools.crest.swingui.logical.TVEntity" oid="E02891E2-D28C-E3AF-234B-C87D4BBB71CB" otype="Entity" vid="347731DB-7572-2EF0-532C-3EEBFF82B727">
<hideElementsInCurrentOnly>false</hideElementsInCurrentOnly>
<bounds x="647" y="441" width="191" height="119"/>
</OView>
<OView class="oracle.dbtools.crest.swingui.logical.TVEntity" oid="E1524B77-45CA-6C4A-A716-AF23E71BF699" otype="Entity" vid="C7089F3A-1566-5674-58B7-1DCF2B60FF9A">
<hideElementsInCurrentOnly>false</hideElementsInCurrentOnly>
<bounds x="632" y="13" width="201" height="147"/>
</OView>
</objectViews>
<connectors>
<Connector class="oracle.dbtools.crest.swingui.logical.TVRelation" oid="31AE60D5-91B0-67E7-9CBC-52EBB029DF98" otype="Relation" vid_source="347731DB-7572-2EF0-532C-3EEBFF82B727" vid_target="410E40D4-ADF9-C043-C8E0-30E05CFE296A">
<hideElementsInCurrentOnly>false</hideElementsInCurrentOnly>
<backgroundColor>-16777216</backgroundColor>
<lineWidth>1</lineWidth>
<points>
<point x="647" y="515"/>
<point x="416" y="515"/>
</points>
</Connector>
<Connector class="oracle.dbtools.crest.swingui.logical.TVRelation" oid="4E98D381-D5BD-F528-1AB5-49DF439AA4AD" otype="Relation" vid_source="2962B263-3BF9-A2F9-4E34-BA76C9CFD877" vid_target="CDE0820E-746A-4256-C1D2-26CB2E7F04F2">
<hideElementsInCurrentOnly>false</hideElementsInCurrentOnly>
<backgroundColor>-16777216</backgroundColor>
<lineWidth>1</lineWidth>
<points>
<point x="828" y="247"/>
<point x="926" y="221"/>
</points>
</Connector>
<Connector class="oracle.dbtools.crest.swingui.logical.TVRelation" oid="5750C686-206E-D40E-E247-21ECE66A9BAB" otype="Relation" vid_source="CDE0820E-746A-4256-C1D2-26CB2E7F04F2" vid_target="20320C5F-D8C7-2578-435F-D2B09CB1FC3C">
<hideElementsInCurrentOnly>false</hideElementsInCurrentOnly>
<backgroundColor>-16777216</backgroundColor>
<lineWidth>1</lineWidth>
<points>
<point x="1120" y="178"/>
<point x="1206" y="178"/>
</points>
</Connector>
<Connector class="oracle.dbtools.crest.swingui.logical.TVRelation" oid="60FC517F-8099-B702-DC3D-A058C0F77BA7" otype="Relation" vid_source="347731DB-7572-2EF0-532C-3EEBFF82B727" vid_target="CDE0820E-746A-4256-C1D2-26CB2E7F04F2">
<hideElementsInCurrentOnly>false</hideElementsInCurrentOnly>
<backgroundColor>-16777216</backgroundColor>
<lineWidth>1</lineWidth>
<points>
<point x="790" y="441"/>
<point x="985" y="221"/>
</points>
</Connector>
<Connector class="oracle.dbtools.crest.swingui.logical.TVRelation" oid="80B3BBE6-EAAE-1FD2-4AB3-C763F0027D51" otype="Relation" vid_source="07EF96E1-CB0D-3024-47DE-59BE619E684E" vid_target="347731DB-7572-2EF0-532C-3EEBFF82B727">
<hideElementsInCurrentOnly>false</hideElementsInCurrentOnly>
<backgroundColor>-16777216</backgroundColor>
<lineWidth>1</lineWidth>
<points>
<point x="480" y="192"/>
<point x="691" y="441"/>
</points>
</Connector>
<Connector class="oracle.dbtools.crest.swingui.logical.TVRelation" oid="94560495-31BA-8C70-796F-3F53936037E0" otype="Relation" vid_source="88D81360-670E-9E1E-B312-26D66924324B" vid_target="20320C5F-D8C7-2578-435F-D2B09CB1FC3C">
<hideElementsInCurrentOnly>false</hideElementsInCurrentOnly>
<backgroundColor>-16777216</backgroundColor>
<lineWidth>1</lineWidth>
<points>
<point x="1458" y="182"/>
<point x="1375" y="182"/>
</points>
</Connector>
<Connector class="oracle.dbtools.crest.swingui.logical.TVRelation" oid="9A70AC9E-1106-A4B2-8134-1A1217146074" otype="Relation" vid_source="88D81360-670E-9E1E-B312-26D66924324B" vid_target="6C5A6587-C02B-B667-D5B4-EDE7A370B780">
<hideElementsInCurrentOnly>false</hideElementsInCurrentOnly>
<backgroundColor>-16777216</backgroundColor>
<lineWidth>1</lineWidth>
<points>
<point x="1477" y="214"/>
<point x="1477" y="304"/>
</points>
</Connector>
<Connector class="oracle.dbtools.crest.swingui.logical.TVRelation" oid="A3077278-14F8-4E7D-0C5D-A61870F904BE" otype="Relation" vid_source="6DCE2D01-1811-668B-C6A5-64D6FAD49752" vid_target="410E40D4-ADF9-C043-C8E0-30E05CFE296A">
<hideElementsInCurrentOnly>false</hideElementsInCurrentOnly>
<backgroundColor>-16777216</backgroundColor>
<lineWidth>1</lineWidth>
<points>
<point x="298" y="339"/>
<point x="298" y="432"/>
</points>
</Connector>
<Connector class="oracle.dbtools.crest.swingui.logical.TVRelation" oid="A8DCB6A5-052D-5D6D-657F-7EF1223458C7" otype="Relation" vid_source="7FF48E3C-E111-60AB-63BF-32ED6AB6F8A0" vid_target="6C5A6587-C02B-B667-D5B4-EDE7A370B780">
<hideElementsInCurrentOnly>false</hideElementsInCurrentOnly>
<backgroundColor>-16777216</backgroundColor>
<lineWidth>1</lineWidth>
<points>
<point x="1597" y="347"/>
<point x="1527" y="347"/>
</points>
</Connector>
<Connector class="oracle.dbtools.crest.swingui.logical.TVRelation" oid="B9670A0D-A07D-1618-1596-32007AB5C23B" otype="Relation" vid_source="C7089F3A-1566-5674-58B7-1DCF2B60FF9A" vid_target="CDE0820E-746A-4256-C1D2-26CB2E7F04F2">
<hideElementsInCurrentOnly>false</hideElementsInCurrentOnly>
<backgroundColor>-16777216</backgroundColor>
<lineWidth>1</lineWidth>
<points>
<point x="833" y="150"/>
<point x="911" y="150"/>
</points>
</Connector>
<Connector class="oracle.dbtools.crest.swingui.logical.TVRelation" oid="E2E3D450-6F8B-3304-F3CF-B1DE4D935A29" otype="Relation" vid_source="0CC53224-2CD0-1205-6CE3-0E1CF2BEC37A" vid_target="6C5A6587-C02B-B667-D5B4-EDE7A370B780">
<hideElementsInCurrentOnly>false</hideElementsInCurrentOnly>
<backgroundColor>-16777216</backgroundColor>
<lineWidth>1</lineWidth>
<points>
<point x="1296" y="347"/>
<point x="1373" y="347"/>
</points>
</Connector>
<Connector class="oracle.dbtools.crest.swingui.logical.TVRelation" oid="E75D8138-F4A4-F31B-15F9-EA20DE5DD807" otype="Relation" vid_source="07EF96E1-CB0D-3024-47DE-59BE619E684E" vid_target="C7089F3A-1566-5674-58B7-1DCF2B60FF9A">
<hideElementsInCurrentOnly>false</hideElementsInCurrentOnly>
<backgroundColor>-16777216</backgroundColor>
<lineWidth>1</lineWidth>
<points>
<point x="500" y="107"/>
<point x="632" y="107"/>
</points>
</Connector>
<Connector class="oracle.dbtools.crest.swingui.logical.TVRelation" oid="E8E1188F-3FE8-E399-A0DB-B544C78BE180" otype="Relation" vid_source="347731DB-7572-2EF0-532C-3EEBFF82B727" vid_target="2E204727-3BF4-8DCD-DF1E-5121D4990CC2">
<hideElementsInCurrentOnly>false</hideElementsInCurrentOnly>
<backgroundColor>-16777216</backgroundColor>
<lineWidth>1</lineWidth>
<points>
<point x="742" y="560"/>
<point x="742" y="619"/>
</points>
</Connector>
<Connector class="oracle.dbtools.crest.swingui.logical.TVRelation" oid="F442C272-97E6-30C9-2259-29FA16E56267" otype="Relation" vid_source="C7089F3A-1566-5674-58B7-1DCF2B60FF9A" vid_target="2962B263-3BF9-A2F9-4E34-BA76C9CFD877">
<hideElementsInCurrentOnly>false</hideElementsInCurrentOnly>
<backgroundColor>-16777216</backgroundColor>
<lineWidth>1</lineWidth>
<points>
<point x="743" y="160"/>
<point x="743" y="229"/>
</points>
</Connector>
<Connector class="oracle.dbtools.crest.swingui.logical.TVRelation" oid="F51EC557-2DE5-FEC1-68B1-DFD3855D493D" otype="Relation" vid_source="07EF96E1-CB0D-3024-47DE-59BE619E684E" vid_target="84244D51-EFE0-D0BD-4B10-4EC5BAE2064F">
<hideElementsInCurrentOnly>false</hideElementsInCurrentOnly>
<backgroundColor>-16777216</backgroundColor>
<lineWidth>1</lineWidth>
<points>
<point x="319" y="96"/>
<point x="289" y="96"/>
<point x="236" y="96"/>
</points>
</Connector>
<Connector class="oracle.dbtools.crest.swingui.logical.TVRelation" oid="FE7372FB-43F8-22F1-3DCC-AF3C4D90ACA6" otype="Relation" vid_source="347731DB-7572-2EF0-532C-3EEBFF82B727" vid_target="2962B263-3BF9-A2F9-4E34-BA76C9CFD877">
<hideElementsInCurrentOnly>false</hideElementsInCurrentOnly>
<backgroundColor>-16777216</backgroundColor>
<lineWidth>1</lineWidth>
<points>
<point x="743" y="441"/>
<point x="743" y="339"/>
</points>
</Connector>
</connectors>
<arcs>
<Arc class="oracle.dbtools.crest.swingui.logical.TVArc" oid="7FF4C56F-98A9-B048-2DE9-0E3E4FE3BC10" otype="Arc" vid="846B200A-D986-C34D-128D-6E7EBE7416CE">
<hideElementsInCurrentOnly>false</hideElementsInCurrentOnly>
<bounds x="299" y="5" width="221" height="207"/>
</Arc>
</arcs>
</Diagram>