<?xml version = '1.0' encoding = 'UTF-8'?>
<relationalModel class="oracle.dbtools.crest.model.design.relational.RelationalDesign" name="Relational_1" id="AB47B1E5-5046-889F-9937-B51B5AD9E44C" mainViewID="91473A96-0483-9130-4F05-50FACFD75A39">
<createdBy>leoru</createdBy>
<createdTime>2022-05-12 20:47:07 UTC</createdTime>
<ownerDesignName>modelagem</ownerDesignName>
<shouldBeOpen>false</shouldBeOpen>
<selectedRDBMSSite>32076570-2523-435C-2E92-BF29817DFF70</selectedRDBMSSite>
</relationalModel>