<?xml version = '1.0' encoding = 'UTF-8'?>
<Arc class="oracle.dbtools.crest.model.design.logical.Arc" directorySegmentName="seg_0" id="7FF4C56F-98A9-B048-2DE9-0E3E4FE3BC10" name="Arc_2">
<createdBy>leoru</createdBy>
<createdTime>2022-05-23 22:08:48 UTC</createdTime>
<ownerDesignName>modelagem</ownerDesignName>
<engineerTo>
<item key="AB47B1E5-5046-889F-9937-B51B5AD9E44C" value="true"/>
</engineerTo>
<entity>9DB8F827-2D1C-8784-B0FC-F9CDD1494841</entity>
<relations>
<relationID>80B3BBE6-EAAE-1FD2-4AB3-C763F0027D51</relationID>
<relationID>E75D8138-F4A4-F31B-15F9-EA20DE5DD807</relationID>
<relationID>F51EC557-2DE5-FEC1-68B1-DFD3855D493D</relationID>
</relations>
</Arc>