<?xml version = '1.0' encoding = 'UTF-8'?>
<Table class="oracle.dbtools.crest.model.design.relational.Table" directorySegmentName="seg_0" id="014C6174-0586-8598-86E7-35ED2976539E" name="T_HT_APPOINTMENT">
<createdBy>leoru</createdBy>
<createdTime>2022-05-23 22:20:36 UTC</createdTime>
<generatorID>1A46FB14-E4BB-3EDE-D70D-59BD3C723D7E</generatorID>
<ownerDesignName>modelagem</ownerDesignName>
<allowColumnReorder>false</allowColumnReorder>
<existDependencyGenerateInDDl>true</existDependencyGenerateInDDl>
<parsed>true</parsed>
<columns itemClass="oracle.dbtools.crest.model.design.relational.Column">
<Column name="id_appointment" id="91C1680E-CE77-C32B-AF37-62F083BF3D8D">
<createdBy>leoru</createdBy>
<createdTime>2022-05-23 22:20:36 UTC</createdTime>
<generatorID>68CABC09-E8BC-7BD7-81B0-0D294ED21EAA</generatorID>
<ownerDesignName>modelagem</ownerDesignName>
<useDomainConstraints>false</useDomainConstraints>
<use>1</use>
<logicalDatatype>LOGDT027</logicalDatatype>
<ownDataTypeParameters>,,</ownDataTypeParameters>
<autoIncrementCycle>false</autoIncrementCycle>
</Column>
<Column name="T_HT_NUTRITIONIST_doc_cfn" id="2B00216B-A642-4789-66F4-40F46A151225">
<createdBy>leoru</createdBy>
<createdTime>2022-05-23 22:20:36 UTC</createdTime>
<generatorID>116D4776-09DA-9AEA-8996-EC255BADFC9C</generatorID>
<ownerDesignName>modelagem</ownerDesignName>
<useDomainConstraints>false</useDomainConstraints>
<use>1</use>
<logicalDatatype>LOGDT024</logicalDatatype>
<dataTypeSize>20</dataTypeSize>
<ownDataTypeParameters>,,</ownDataTypeParameters>
<previousColumn>false</previousColumn>
<autoIncrementCycle>false</autoIncrementCycle>
<associations>
<colAssociation fkAssociation="434EF22D-8E78-1928-D28D-8B81CD5F21A1" referredColumn="07852D0D-AAD5-6478-0AF3-52FE39DD32C7"/>
</associations>
</Column>
<Column name="T_HT_CUSTOMER_T_HT_PERSON_id_person" id="AFFCC72B-0999-13D2-C7E4-3639A4A3CA3E">
<createdBy>leoru</createdBy>
<createdTime>2022-05-23 22:20:36 UTC</createdTime>
<generatorID>974CEDE3-EBCF-FD3D-5A19-879D64B32A6C</generatorID>
<ownerDesignName>modelagem</ownerDesignName>
<useDomainConstraints>false</useDomainConstraints>
<use>1</use>
<logicalDatatype>LOGDT027</logicalDatatype>
<ownDataTypeParameters>,,</ownDataTypeParameters>
<previousColumn>false</previousColumn>
<autoIncrementCycle>false</autoIncrementCycle>
<associations>
<colAssociation fkAssociation="E43FE60A-6BF3-3864-78A6-B0AB3FC7C370" referredColumn="6160C22F-3802-EE5F-6DA7-441A1312FA69"/>
</associations>
</Column>
<Column name="dt_appointment" id="1BA35CB4-2FF6-E2B3-03ED-B7EA56E3E1CD">
<createdBy>leoru</createdBy>
<createdTime>2022-05-23 22:20:36 UTC</createdTime>
<generatorID>DC6670C6-3411-9C0A-8A60-DF6843F5C813</generatorID>
<ownerDesignName>modelagem</ownerDesignName>
<useDomainConstraints>false</useDomainConstraints>
<use>1</use>
<logicalDatatype>LOGDT008</logicalDatatype>
<ownDataTypeParameters>,,</ownDataTypeParameters>
<autoIncrementCycle>false</autoIncrementCycle>
</Column>
<Column name="ds_first_appointment" id="E9D028AA-EAE1-986A-95F9-BF58DD4FDA2F">
<createdBy>leoru</createdBy>
<createdTime>2022-05-23 22:20:36 UTC</createdTime>
<generatorID>E1A057F3-7502-FAA8-4D08-9D3E35B1410E</generatorID>
<ownerDesignName>modelagem</ownerDesignName>
<useDomainConstraints>false</useDomainConstraints>
<use>1</use>
<logicalDatatype>LOGDT006</logicalDatatype>
<dataTypeSize>1</dataTypeSize>
<ownDataTypeParameters>1,,</ownDataTypeParameters>
<autoIncrementCycle>false</autoIncrementCycle>
</Column>
</columns>
<indexes itemClass="oracle.dbtools.crest.model.design.relational.Index">
<ind_PK_UK id="1F103DFF-1AF6-21FC-71B0-E73DED89783D" name="T_HT_APPOINTMENT_PK">
<createdBy>leoru</createdBy>
<createdTime>2022-05-23 22:20:36 UTC</createdTime>
<generatorID>52EBCC44-2373-0D60-F3BC-711F78B92903</generatorID>
<ownerDesignName>modelagem</ownerDesignName>
<pk>true</pk>
<indexState>Primary Constraint</indexState>
<isSurrogateKey>false</isSurrogateKey>
<indexColumnUsage>
<colUsage columnID="91C1680E-CE77-C32B-AF37-62F083BF3D8D"/>
</indexColumnUsage>
</ind_PK_UK>
<ind_PK_UK id="791A48D2-3832-F73B-09A3-C24D644CD5C6" name="T_HT_APPOINTMENT_T_HT_CUSTOMER_FK">
<createdBy>leoru</createdBy>
<createdTime>2022-05-23 22:20:36 UTC</createdTime>
<generatorID>FE7372FB-43F8-22F1-3DCC-AF3C4D90ACA6</generatorID>
<ownerDesignName>modelagem</ownerDesignName>
<indexState>Foreign Key</indexState>
<isSurrogateKey>false</isSurrogateKey>
<indexColumnUsage>
<colUsage columnID="AFFCC72B-0999-13D2-C7E4-3639A4A3CA3E"/>
</indexColumnUsage>
</ind_PK_UK>
<ind_PK_UK id="80D3AB1B-7917-4BC4-201C-12D6F0B6B4F4" name="T_HT_APPOINTMENT_T_HT_NUTRITIONIST_FK">
<createdBy>leoru</createdBy>
<createdTime>2022-05-23 22:20:36 UTC</createdTime>
<generatorID>F442C272-97E6-30C9-2259-29FA16E56267</generatorID>
<ownerDesignName>modelagem</ownerDesignName>
<indexState>Foreign Key</indexState>
<isSurrogateKey>false</isSurrogateKey>
<indexColumnUsage>
<colUsage columnID="2B00216B-A642-4789-66F4-40F46A151225"/>
</indexColumnUsage>
</ind_PK_UK>
</indexes>
</Table>