<?xml version = '1.0' encoding = 'UTF-8'?>
<Table class="oracle.dbtools.crest.model.design.relational.Table" directorySegmentName="seg_0" id="08E1AEA1-BC3E-DDC0-D703-BD5A4CF1FFE3" name="T_HT_NUTRITIONIST">
<createdBy>leoru</createdBy>
<createdTime>2022-05-23 22:20:36 UTC</createdTime>
<generatorID>E1524B77-45CA-6C4A-A716-AF23E71BF699</generatorID>
<ownerDesignName>modelagem</ownerDesignName>
<allowColumnReorder>false</allowColumnReorder>
<existDependencyGenerateInDDl>true</existDependencyGenerateInDDl>
<parsed>true</parsed>
<columns itemClass="oracle.dbtools.crest.model.design.relational.Column">
<Column name="doc_cfn" id="07852D0D-AAD5-6478-0AF3-52FE39DD32C7">
<createdBy>leoru</createdBy>
<createdTime>2022-05-23 22:20:36 UTC</createdTime>
<generatorID>6D03661E-1BA4-29B3-663F-6AD8FB5A5E1E</generatorID>
<ownerDesignName>modelagem</ownerDesignName>
<useDomainConstraints>false</useDomainConstraints>
<use>1</use>
<logicalDatatype>LOGDT024</logicalDatatype>
<dataTypeSize>20</dataTypeSize>
<ownDataTypeParameters>20,,</ownDataTypeParameters>
<autoIncrementCycle>false</autoIncrementCycle>
</Column>
<Column name="T_HT_PERSON_id_person" id="0CB69F1C-F17C-3FBF-C54C-3DFAFFC864A6">
<createdBy>leoru</createdBy>
<createdTime>2022-05-23 22:20:36 UTC</createdTime>
<generatorID>BD0B4A77-93D1-9F39-E6DD-70F6DF904999</generatorID>
<ownerDesignName>modelagem</ownerDesignName>
<useDomainConstraints>false</useDomainConstraints>
<use>1</use>
<logicalDatatype>LOGDT027</logicalDatatype>
<ownDataTypeParameters>,,</ownDataTypeParameters>
<previousColumn>false</previousColumn>
<autoIncrementCycle>false</autoIncrementCycle>
<associations>
<colAssociation fkAssociation="4AE46F5C-5AA0-431D-D0BE-664D308A4321" referredColumn="9784E1C4-5149-CAE8-FB91-79F759BF3646"/>
</associations>
</Column>
</columns>
<indexes itemClass="oracle.dbtools.crest.model.design.relational.Index">
<ind_PK_UK id="3BD6BB48-0E39-6D1C-C95C-232AB93A4D4D" name="T_HT_NUTRITIONIST_PK">
<createdBy>leoru</createdBy>
<createdTime>2022-05-23 22:20:36 UTC</createdTime>
<generatorID>67122C23-C228-671B-43BB-8BF220DBBC7B</generatorID>
<ownerDesignName>modelagem</ownerDesignName>
<pk>true</pk>
<indexState>Primary Constraint</indexState>
<isSurrogateKey>false</isSurrogateKey>
<indexColumnUsage>
<colUsage columnID="07852D0D-AAD5-6478-0AF3-52FE39DD32C7"/>
</indexColumnUsage>
</ind_PK_UK>
<ind_PK_UK id="D42C3901-EA6E-87EF-E131-E4D48BA2EE76" name="T_HT_NUTRITIONIST__IDX">
<createdBy>leoru</createdBy>
<createdTime>2022-05-23 22:20:36 UTC</createdTime>
<ownerDesignName>modelagem</ownerDesignName>
<indexState>Unique Plain Index</indexState>
<isSurrogateKey>false</isSurrogateKey>
<relationGeneratorID>E75D8138-F4A4-F31B-15F9-EA20DE5DD807</relationGeneratorID>
<indexColumnUsage>
<colUsage columnID="0CB69F1C-F17C-3FBF-C54C-3DFAFFC864A6"/>
</indexColumnUsage>
</ind_PK_UK>
<ind_PK_UK id="8DCD0A6E-9A8E-FFE9-CF8A-487807DE9E22" name="T_HT_NUTRITIONIST_T_HT_PERSON_FK">
<createdBy>leoru</createdBy>
<createdTime>2022-05-23 22:20:36 UTC</createdTime>
<generatorID>E75D8138-F4A4-F31B-15F9-EA20DE5DD807</generatorID>
<ownerDesignName>modelagem</ownerDesignName>
<indexState>Foreign Key</indexState>
<isSurrogateKey>false</isSurrogateKey>
<indexColumnUsage>
<colUsage columnID="0CB69F1C-F17C-3FBF-C54C-3DFAFFC864A6"/>
</indexColumnUsage>
</ind_PK_UK>
</indexes>
</Table>