<?xml version = '1.0' encoding = 'UTF-8'?>
<Table class="oracle.dbtools.crest.model.design.relational.Table" directorySegmentName="seg_0" id="24252E69-AC84-3B00-35A4-839232D1187D" name="T_HT_MEAL">
<createdBy>leoru</createdBy>
<createdTime>2022-05-23 22:20:36 UTC</createdTime>
<generatorID>698B3F5B-5F93-EC7D-015E-72F53FF4CBD5</generatorID>
<ownerDesignName>modelagem</ownerDesignName>
<allowColumnReorder>false</allowColumnReorder>
<existDependencyGenerateInDDl>true</existDependencyGenerateInDDl>
<parsed>true</parsed>
<columns itemClass="oracle.dbtools.crest.model.design.relational.Column">
<Column name="nm_name_meal" id="93EBD4AE-F902-81A1-3B90-056BB9EF3437">
<createdBy>leoru</createdBy>
<createdTime>2022-05-23 22:20:36 UTC</createdTime>
<generatorID>5C0472A9-D0F0-9A5F-AF6F-CDD0F30D1AD3</generatorID>
<ownerDesignName>modelagem</ownerDesignName>
<useDomainConstraints>false</useDomainConstraints>
<use>1</use>
<logicalDatatype>LOGDT024</logicalDatatype>
<dataTypeSize>100</dataTypeSize>
<ownDataTypeParameters>100,,</ownDataTypeParameters>
<autoIncrementCycle>false</autoIncrementCycle>
</Column>
<Column name="id_meal" id="E3C74815-E988-F973-68DC-EFFA745E89E2">
<createdBy>leoru</createdBy>
<createdTime>2022-05-23 22:20:36 UTC</createdTime>
<generatorID>3BA7909B-D02D-1E65-778F-B1BA9D6EA5E8</generatorID>
<ownerDesignName>modelagem</ownerDesignName>
<useDomainConstraints>false</useDomainConstraints>
<use>1</use>
<logicalDatatype>LOGDT027</logicalDatatype>
<ownDataTypeParameters>,,</ownDataTypeParameters>
<autoIncrementCycle>false</autoIncrementCycle>
</Column>
<Column name="T_HT_DIET_id_diet" id="844362AB-8365-D027-590D-74D4D26719E0">
<createdBy>leoru</createdBy>
<createdTime>2022-05-23 22:20:36 UTC</createdTime>
<generatorID>08A69D3B-D6F1-F788-1F90-32A92BB0F485</generatorID>
<ownerDesignName>modelagem</ownerDesignName>
<useDomainConstraints>false</useDomainConstraints>
<use>1</use>
<logicalDatatype>LOGDT027</logicalDatatype>
<ownDataTypeParameters>,,</ownDataTypeParameters>
<previousColumn>false</previousColumn>
<autoIncrementCycle>false</autoIncrementCycle>
<associations>
<colAssociation fkAssociation="ACB54973-9FDC-BED6-807B-BEEF533BB0B4" referredColumn="FAA1FFC1-EA2D-6F1F-0817-051210C5ED2D"/>
</associations>
</Column>
<Column name="T_HT_MEAL_OPTION_id_meal_option" id="B28EC0D7-F255-AA1F-DF96-2156A03D1D9E">
<createdBy>leoru</createdBy>
<createdTime>2022-05-23 22:20:36 UTC</createdTime>
<generatorID>5553AC7E-E524-BDEF-EA4F-E4897495753D</generatorID>
<ownerDesignName>modelagem</ownerDesignName>
<useDomainConstraints>false</useDomainConstraints>
<use>1</use>
<logicalDatatype>LOGDT027</logicalDatatype>
<ownDataTypeParameters>,,</ownDataTypeParameters>
<previousColumn>false</previousColumn>
<autoIncrementCycle>false</autoIncrementCycle>
<associations>
<colAssociation fkAssociation="271269BB-6328-B708-66B3-8857066C2F8C" referredColumn="5BB8D019-F61B-5639-A1B7-4F0D74BB5B84"/>
</associations>
</Column>
</columns>
<indexes itemClass="oracle.dbtools.crest.model.design.relational.Index">
<ind_PK_UK id="71FFD5A7-4004-5899-A9CB-ACD57826CE65" name="T_HT_MEAL_PK">
<createdBy>leoru</createdBy>
<createdTime>2022-05-23 22:20:36 UTC</createdTime>
<generatorID>89BD2426-636D-4195-40B6-B134B78FE4E0</generatorID>
<ownerDesignName>modelagem</ownerDesignName>
<pk>true</pk>
<indexState>Primary Constraint</indexState>
<isSurrogateKey>false</isSurrogateKey>
<indexColumnUsage>
<colUsage columnID="E3C74815-E988-F973-68DC-EFFA745E89E2"/>
</indexColumnUsage>
</ind_PK_UK>
<ind_PK_UK id="1832121E-CFFD-41CD-6D68-24FC3F6EA683" name="T_HT_MEAL_T_HT_MEAL_OPTION_FK">
<createdBy>leoru</createdBy>
<createdTime>2022-05-23 22:20:36 UTC</createdTime>
<generatorID>94560495-31BA-8C70-796F-3F53936037E0</generatorID>
<ownerDesignName>modelagem</ownerDesignName>
<indexState>Foreign Key</indexState>
<isSurrogateKey>false</isSurrogateKey>
<indexColumnUsage>
<colUsage columnID="B28EC0D7-F255-AA1F-DF96-2156A03D1D9E"/>
</indexColumnUsage>
</ind_PK_UK>
<ind_PK_UK id="14EF4D9B-016A-9B16-45C7-9395CA65B0F6" name="T_HT_MEAL_T_HT_DIET_FK">
<createdBy>leoru</createdBy>
<createdTime>2022-05-23 22:20:36 UTC</createdTime>
<generatorID>5750C686-206E-D40E-E247-21ECE66A9BAB</generatorID>
<ownerDesignName>modelagem</ownerDesignName>
<indexState>Foreign Key</indexState>
<isSurrogateKey>false</isSurrogateKey>
<indexColumnUsage>
<colUsage columnID="844362AB-8365-D027-590D-74D4D26719E0"/>
</indexColumnUsage>
</ind_PK_UK>
</indexes>
</Table>