<?xml version = '1.0' encoding = 'UTF-8'?>
<Table class="oracle.dbtools.crest.model.design.relational.Table" directorySegmentName="seg_0" id="33265D80-2800-1256-E08D-9F080C0CD4FF" name="T_HT_GOAL_USER">
<createdBy>leoru</createdBy>
<createdTime>2022-05-23 22:20:36 UTC</createdTime>
<generatorID>6AE8A7DE-9A2F-FBB2-5613-DE850ACF607D</generatorID>
<ownerDesignName>modelagem</ownerDesignName>
<allowColumnReorder>false</allowColumnReorder>
<existDependencyGenerateInDDl>true</existDependencyGenerateInDDl>
<parsed>true</parsed>
<columns itemClass="oracle.dbtools.crest.model.design.relational.Column">
<Column name="id_goal_user" id="91390008-915F-C1E0-0C5E-03F1C557DF69">
<createdBy>leoru</createdBy>
<createdTime>2022-05-23 22:20:36 UTC</createdTime>
<generatorID>98DCDABD-8BBC-F17A-D39B-A00235FD27C2</generatorID>
<ownerDesignName>modelagem</ownerDesignName>
<useDomainConstraints>false</useDomainConstraints>
<use>1</use>
<logicalDatatype>LOGDT027</logicalDatatype>
<ownDataTypeParameters>,,</ownDataTypeParameters>
<autoIncrementCycle>false</autoIncrementCycle>
</Column>
<Column name="T_HT_CUSTOMER_id_person" id="798F3BDD-D633-3009-8210-3CF8A4E65D54">
<createdBy>leoru</createdBy>
<createdTime>2022-05-23 22:20:36 UTC</createdTime>
<generatorID>FBCCDF28-2F43-51EA-0DA5-5689DB6A2CD5</generatorID>
<ownerDesignName>modelagem</ownerDesignName>
<useDomainConstraints>false</useDomainConstraints>
<use>1</use>
<logicalDatatype>LOGDT027</logicalDatatype>
<ownDataTypeParameters>,,</ownDataTypeParameters>
<previousColumn>false</previousColumn>
<autoIncrementCycle>false</autoIncrementCycle>
<associations>
<colAssociation fkAssociation="74E99FE3-DEC6-22B4-FC0B-C70A1FF1787E" referredColumn="6160C22F-3802-EE5F-6DA7-441A1312FA69"/>
</associations>
</Column>
<Column name="T_HT_GOAL_id_goal" id="20551477-D7AE-4D0A-3254-69032B406D89">
<createdBy>leoru</createdBy>
<createdTime>2022-05-23 22:20:36 UTC</createdTime>
<generatorID>17A556D6-5B83-7FE6-F49F-51A0688011C0</generatorID>
<ownerDesignName>modelagem</ownerDesignName>
<useDomainConstraints>false</useDomainConstraints>
<use>1</use>
<logicalDatatype>LOGDT027</logicalDatatype>
<ownDataTypeParameters>,,</ownDataTypeParameters>
<previousColumn>false</previousColumn>
<autoIncrementCycle>false</autoIncrementCycle>
<associations>
<colAssociation fkAssociation="2771C6E9-FB41-EBF3-F934-42CB31E84248" referredColumn="0BBCA8A9-EADA-33C2-99F6-3566B439D820"/>
</associations>
</Column>
<Column name="dtm_goal_timer" id="12BF095D-8CC9-DD57-6DCE-6A7CB22B8856">
<createdBy>leoru</createdBy>
<createdTime>2022-05-23 22:20:36 UTC</createdTime>
<generatorID>4FB30B03-5900-6DB4-EE86-1E7CCCA2B719</generatorID>
<ownerDesignName>modelagem</ownerDesignName>
<nullsAllowed>true</nullsAllowed>
<useDomainConstraints>false</useDomainConstraints>
<use>1</use>
<logicalDatatype>LOGDT008</logicalDatatype>
<ownDataTypeParameters>,,</ownDataTypeParameters>
<autoIncrementCycle>false</autoIncrementCycle>
</Column>
<Column name="qtd_goal" id="CD48EE8C-9B74-95C2-9AD4-AF07C403A631">
<createdBy>leoru</createdBy>
<createdTime>2022-05-23 22:20:36 UTC</createdTime>
<generatorID>8E61683D-26D2-8955-2AA5-4992A32508B6</generatorID>
<ownerDesignName>modelagem</ownerDesignName>
<nullsAllowed>true</nullsAllowed>
<useDomainConstraints>false</useDomainConstraints>
<use>1</use>
<logicalDatatype>LOGDT011</logicalDatatype>
<ownDataTypeParameters>,,</ownDataTypeParameters>
<autoIncrementCycle>false</autoIncrementCycle>
</Column>
<Column name="st_is_active" id="BA2C0043-A3DA-7F17-4FB4-31B16A64DB60">
<createdBy>leoru</createdBy>
<createdTime>2022-05-23 22:20:36 UTC</createdTime>
<generatorID>5AEEAF40-8C1E-B91C-83ED-62708D6180EF</generatorID>
<ownerDesignName>modelagem</ownerDesignName>
<nullsAllowed>true</nullsAllowed>
<useDomainConstraints>false</useDomainConstraints>
<use>1</use>
<logicalDatatype>LOGDT006</logicalDatatype>
<dataTypeSize>1</dataTypeSize>
<ownDataTypeParameters>1,,</ownDataTypeParameters>
<autoIncrementCycle>false</autoIncrementCycle>
</Column>
</columns>
<indexes itemClass="oracle.dbtools.crest.model.design.relational.Index">
<ind_PK_UK id="EE16042E-3241-4C34-3B3A-C29807536A96" name="T_HT_GOAL_USER_PK">
<createdBy>leoru</createdBy>
<createdTime>2022-05-23 22:20:36 UTC</createdTime>
<generatorID>9001C323-E675-EE40-FE41-72E88A52FB6D</generatorID>
<ownerDesignName>modelagem</ownerDesignName>
<pk>true</pk>
<indexState>Primary Constraint</indexState>
<isSurrogateKey>false</isSurrogateKey>
<indexColumnUsage>
<colUsage columnID="91390008-915F-C1E0-0C5E-03F1C557DF69"/>
</indexColumnUsage>
</ind_PK_UK>
<ind_PK_UK id="67256B8F-E6CC-CC37-D53D-E62A964A6938" name="T_HT_GOAL_USER_T_HT_CUSTOMER_FK">
<createdBy>leoru</createdBy>
<createdTime>2022-05-23 22:20:36 UTC</createdTime>
<generatorID>31AE60D5-91B0-67E7-9CBC-52EBB029DF98</generatorID>
<ownerDesignName>modelagem</ownerDesignName>
<indexState>Foreign Key</indexState>
<isSurrogateKey>false</isSurrogateKey>
<indexColumnUsage>
<colUsage columnID="798F3BDD-D633-3009-8210-3CF8A4E65D54"/>
</indexColumnUsage>
</ind_PK_UK>
<ind_PK_UK id="F9FCDFA1-A51A-052F-7D3D-F4DA753792C2" name="T_HT_GOAL_USER_T_HT_GOAL_FK">
<createdBy>leoru</createdBy>
<createdTime>2022-05-23 22:20:36 UTC</createdTime>
<generatorID>A3077278-14F8-4E7D-0C5D-A61870F904BE</generatorID>
<ownerDesignName>modelagem</ownerDesignName>
<indexState>Foreign Key</indexState>
<isSurrogateKey>false</isSurrogateKey>
<indexColumnUsage>
<colUsage columnID="20551477-D7AE-4D0A-3254-69032B406D89"/>
</indexColumnUsage>
</ind_PK_UK>
</indexes>
</Table>