<?xml version = '1.0' encoding = 'UTF-8'?>
<Table class="oracle.dbtools.crest.model.design.relational.Table" directorySegmentName="seg_0" id="4854D6F3-4596-312A-6978-9944A5F94EF0" name="T_HT_CUSTOMER">
<createdBy>leoru</createdBy>
<createdTime>2022-05-23 22:20:36 UTC</createdTime>
<generatorID>E02891E2-D28C-E3AF-234B-C87D4BBB71CB</generatorID>
<ownerDesignName>modelagem</ownerDesignName>
<allowColumnReorder>false</allowColumnReorder>
<existDependencyGenerateInDDl>true</existDependencyGenerateInDDl>
<parsed>true</parsed>
<columns itemClass="oracle.dbtools.crest.model.design.relational.Column">
<Column name="T_HT_PERSON_id_person" id="6160C22F-3802-EE5F-6DA7-441A1312FA69">
<createdBy>leoru</createdBy>
<createdTime>2022-05-23 22:20:36 UTC</createdTime>
<generatorID>EBC8BB63-C10E-2FC7-FE5D-4D36DCD9A0B7</generatorID>
<ownerDesignName>modelagem</ownerDesignName>
<useDomainConstraints>false</useDomainConstraints>
<use>1</use>
<logicalDatatype>LOGDT027</logicalDatatype>
<ownDataTypeParameters>,,</ownDataTypeParameters>
<previousColumn>false</previousColumn>
<autoIncrementCycle>false</autoIncrementCycle>
<associations>
<colAssociation fkAssociation="608F51B1-E6DB-2252-03B2-EA9EDB4C0ADF" referredColumn="9784E1C4-5149-CAE8-FB91-79F759BF3646"/>
</associations>
</Column>
<Column name="vl_height" id="C71021A0-2E3D-1F01-CD7E-F48830A21602">
<createdBy>leoru</createdBy>
<createdTime>2022-05-23 22:20:36 UTC</createdTime>
<generatorID>C42861DC-EE3B-7BDF-6886-90CC965407DF</generatorID>
<ownerDesignName>modelagem</ownerDesignName>
<useDomainConstraints>false</useDomainConstraints>
<use>1</use>
<logicalDatatype>LOGDT011</logicalDatatype>
<ownDataTypeParameters>,,</ownDataTypeParameters>
<autoIncrementCycle>false</autoIncrementCycle>
</Column>
</columns>
<indexes itemClass="oracle.dbtools.crest.model.design.relational.Index">
<ind_PK_UK id="E52FB09E-6A39-54B5-0E80-2783E145D40F" name="T_HT_CUSTOMER_PK">
<createdBy>leoru</createdBy>
<createdTime>2022-05-23 22:20:36 UTC</createdTime>
<generatorID>A15AF9E1-EA87-18E6-440E-0BE38BA8C260</generatorID>
<ownerDesignName>modelagem</ownerDesignName>
<pk>true</pk>
<indexState>Primary Constraint</indexState>
<isSurrogateKey>false</isSurrogateKey>
<indexColumnUsage>
<colUsage columnID="6160C22F-3802-EE5F-6DA7-441A1312FA69"/>
</indexColumnUsage>
</ind_PK_UK>
<ind_PK_UK id="3400F459-2B5B-5B57-229D-1E80CF80CC32" name="T_HT_CUSTOMER_T_HT_PERSON_FK">
<createdBy>leoru</createdBy>
<createdTime>2022-05-23 22:20:36 UTC</createdTime>
<generatorID>80B3BBE6-EAAE-1FD2-4AB3-C763F0027D51</generatorID>
<ownerDesignName>modelagem</ownerDesignName>
<indexState>Foreign Key</indexState>
<isSurrogateKey>false</isSurrogateKey>
<indexColumnUsage>
<colUsage columnID="6160C22F-3802-EE5F-6DA7-441A1312FA69"/>
</indexColumnUsage>
</ind_PK_UK>
</indexes>
</Table>