<?xml version = '1.0' encoding = 'UTF-8'?>
<Table class="oracle.dbtools.crest.model.design.relational.Table" directorySegmentName="seg_0" id="79E5E8E2-17D9-CFE2-9D72-2A6B0BE9B238" name="T_HT_UNIT_INGREDIENT">
<createdBy>leoru</createdBy>
<createdTime>2022-05-23 22:20:36 UTC</createdTime>
<generatorID>A01DF03F-6E6B-E46A-6B56-4F68EC7C1F34</generatorID>
<ownerDesignName>modelagem</ownerDesignName>
<allowColumnReorder>false</allowColumnReorder>
<existDependencyGenerateInDDl>true</existDependencyGenerateInDDl>
<parsed>true</parsed>
<columns itemClass="oracle.dbtools.crest.model.design.relational.Column">
<Column name="id_unit_ingredient" id="0B624598-A44D-2FEB-D4B5-C447308C8149">
<createdBy>leoru</createdBy>
<createdTime>2022-05-23 22:20:36 UTC</createdTime>
<generatorID>67CD7627-FB63-33C4-C70A-FE55B9BA0291</generatorID>
<ownerDesignName>modelagem</ownerDesignName>
<useDomainConstraints>false</useDomainConstraints>
<use>1</use>
<logicalDatatype>LOGDT027</logicalDatatype>
<ownDataTypeParameters>,,</ownDataTypeParameters>
<autoIncrementCycle>false</autoIncrementCycle>
</Column>
<Column name="T_HT_UNIT_id_unit" id="2413B9E7-8FF5-59AD-34B2-F0F793B221C7">
<createdBy>leoru</createdBy>
<createdTime>2022-05-23 22:20:36 UTC</createdTime>
<generatorID>31272FF8-43C6-0FA5-EDAC-918936A74B2B</generatorID>
<ownerDesignName>modelagem</ownerDesignName>
<useDomainConstraints>false</useDomainConstraints>
<use>1</use>
<logicalDatatype>LOGDT027</logicalDatatype>
<ownDataTypeParameters>,,</ownDataTypeParameters>
<previousColumn>false</previousColumn>
<autoIncrementCycle>false</autoIncrementCycle>
<associations>
<colAssociation fkAssociation="F6077A0B-C394-4478-9AE9-387F64AC4DA4" referredColumn="9429F02B-F434-C290-847E-568CD310C4D2"/>
</associations>
</Column>
<Column name="T_HT_INGREDIENT_id_ingredient" id="3DFAAC12-BC6F-960E-EEDA-37DDEF718126">
<createdBy>leoru</createdBy>
<createdTime>2022-05-23 22:20:36 UTC</createdTime>
<generatorID>94D2DB52-219A-BAA6-36A0-FDFFC26E1203</generatorID>
<ownerDesignName>modelagem</ownerDesignName>
<useDomainConstraints>false</useDomainConstraints>
<use>1</use>
<logicalDatatype>LOGDT027</logicalDatatype>
<ownDataTypeParameters>,,</ownDataTypeParameters>
<previousColumn>false</previousColumn>
<autoIncrementCycle>false</autoIncrementCycle>
<associations>
<colAssociation fkAssociation="5517BEEF-7A12-5189-19DD-706212673FE9" referredColumn="BF5D4A50-E8BD-42AA-30E6-DA50DB1D0E25"/>
</associations>
</Column>
<Column name="T_HT_MEAL_OPTION_id_meal_option" id="28BE2073-16CA-C5FC-DBBC-A28E17805D41">
<createdBy>leoru</createdBy>
<createdTime>2022-05-23 22:20:36 UTC</createdTime>
<generatorID>A9E35B27-4B69-41BB-267A-B2C158D5444E</generatorID>
<ownerDesignName>modelagem</ownerDesignName>
<useDomainConstraints>false</useDomainConstraints>
<use>1</use>
<logicalDatatype>LOGDT027</logicalDatatype>
<ownDataTypeParameters>,,</ownDataTypeParameters>
<previousColumn>false</previousColumn>
<autoIncrementCycle>false</autoIncrementCycle>
<associations>
<colAssociation fkAssociation="290FB825-68F1-40B6-1A35-8A85046C8C5C" referredColumn="5BB8D019-F61B-5639-A1B7-4F0D74BB5B84"/>
</associations>
</Column>
<Column name="vl_qtd" id="0D28FB6E-4A77-53AA-B8F7-80D30D3C6BD5">
<createdBy>leoru</createdBy>
<createdTime>2022-05-23 22:20:36 UTC</createdTime>
<generatorID>092247C4-4B05-F92E-88D9-598135CB9855</generatorID>
<ownerDesignName>modelagem</ownerDesignName>
<nullsAllowed>true</nullsAllowed>
<useDomainConstraints>false</useDomainConstraints>
<use>1</use>
<logicalDatatype>LOGDT019</logicalDatatype>
<dataTypePrecision>5</dataTypePrecision>
<ownDataTypeParameters>,5,</ownDataTypeParameters>
<autoIncrementCycle>false</autoIncrementCycle>
</Column>
</columns>
<indexes itemClass="oracle.dbtools.crest.model.design.relational.Index">
<ind_PK_UK id="58AD8762-FE3C-9E21-9C52-16A03461847A" name="T_HT_UNIT_INGREDIENT_PK">
<createdBy>leoru</createdBy>
<createdTime>2022-05-23 22:20:36 UTC</createdTime>
<generatorID>9E20BBBF-B4B5-D63A-63B1-8AB0396E055C</generatorID>
<ownerDesignName>modelagem</ownerDesignName>
<pk>true</pk>
<indexState>Primary Constraint</indexState>
<isSurrogateKey>false</isSurrogateKey>
<indexColumnUsage>
<colUsage columnID="0B624598-A44D-2FEB-D4B5-C447308C8149"/>
</indexColumnUsage>
</ind_PK_UK>
<ind_PK_UK id="1C16C477-18FB-1D94-FB1A-6FE5417C4AA0" name="T_HT_UNIT_INGREDIENT_T_HT_UNIT_FK">
<createdBy>leoru</createdBy>
<createdTime>2022-05-23 22:20:36 UTC</createdTime>
<generatorID>E2E3D450-6F8B-3304-F3CF-B1DE4D935A29</generatorID>
<ownerDesignName>modelagem</ownerDesignName>
<indexState>Foreign Key</indexState>
<isSurrogateKey>false</isSurrogateKey>
<indexColumnUsage>
<colUsage columnID="2413B9E7-8FF5-59AD-34B2-F0F793B221C7"/>
</indexColumnUsage>
</ind_PK_UK>
<ind_PK_UK id="7E93C280-E47D-85AF-C11B-4667A19EEEE3" name="T_HT_UNIT_INGREDIENT_T_HT_INGREDIENT_FK">
<createdBy>leoru</createdBy>
<createdTime>2022-05-23 22:20:36 UTC</createdTime>
<generatorID>A8DCB6A5-052D-5D6D-657F-7EF1223458C7</generatorID>
<ownerDesignName>modelagem</ownerDesignName>
<indexState>Foreign Key</indexState>
<isSurrogateKey>false</isSurrogateKey>
<indexColumnUsage>
<colUsage columnID="3DFAAC12-BC6F-960E-EEDA-37DDEF718126"/>
</indexColumnUsage>
</ind_PK_UK>
<ind_PK_UK id="162344A2-9C64-C747-349C-14FA8143A52A" name="T_HT_UNIT_INGREDIENT_T_HT_MEAL_OPTION_FK">
<createdBy>leoru</createdBy>
<createdTime>2022-05-23 22:20:36 UTC</createdTime>
<generatorID>9A70AC9E-1106-A4B2-8134-1A1217146074</generatorID>
<ownerDesignName>modelagem</ownerDesignName>
<indexState>Foreign Key</indexState>
<isSurrogateKey>false</isSurrogateKey>
<indexColumnUsage>
<colUsage columnID="28BE2073-16CA-C5FC-DBBC-A28E17805D41"/>
</indexColumnUsage>
</ind_PK_UK>
</indexes>
</Table>