<?xml version = '1.0' encoding = 'UTF-8'?>
<Table class="oracle.dbtools.crest.model.design.relational.Table" directorySegmentName="seg_0" id="94AB5026-EE89-9765-7E88-69098ACDD5BB" name="T_HT_DIET">
<createdBy>leoru</createdBy>
<createdTime>2022-05-23 22:20:36 UTC</createdTime>
<generatorID>47708EBC-60E9-4F7A-D32D-A43A38CA7534</generatorID>
<ownerDesignName>modelagem</ownerDesignName>
<allowColumnReorder>false</allowColumnReorder>
<existDependencyGenerateInDDl>true</existDependencyGenerateInDDl>
<parsed>true</parsed>
<columns itemClass="oracle.dbtools.crest.model.design.relational.Column">
<Column name="id_diet" id="FAA1FFC1-EA2D-6F1F-0817-051210C5ED2D">
<createdBy>leoru</createdBy>
<createdTime>2022-05-23 22:20:36 UTC</createdTime>
<generatorID>AD166721-5F40-8A72-7874-A4DDF975C5F7</generatorID>
<ownerDesignName>modelagem</ownerDesignName>
<useDomainConstraints>false</useDomainConstraints>
<use>1</use>
<logicalDatatype>LOGDT027</logicalDatatype>
<ownDataTypeParameters>,,</ownDataTypeParameters>
<autoIncrementCycle>false</autoIncrementCycle>
</Column>
<Column name="ds_add_instructions" id="7860D882-B081-391A-8834-0747D0EE8B1D">
<createdBy>leoru</createdBy>
<createdTime>2022-05-23 22:20:36 UTC</createdTime>
<generatorID>C902F964-412C-281A-F133-ABF169A5C4D2</generatorID>
<ownerDesignName>modelagem</ownerDesignName>
<nullsAllowed>true</nullsAllowed>
<useDomainConstraints>false</useDomainConstraints>
<use>1</use>
<logicalDatatype>LOGDT024</logicalDatatype>
<dataTypeSize>400</dataTypeSize>
<ownDataTypeParameters>400,,</ownDataTypeParameters>
<autoIncrementCycle>false</autoIncrementCycle>
</Column>
<Column name="T_HT_NUTRITIONIST_doc_cfn" id="4582F7C2-A434-EC77-9376-B4E4613DC16E">
<createdBy>leoru</createdBy>
<createdTime>2022-05-23 22:20:36 UTC</createdTime>
<generatorID>206B45E1-9EEE-1B71-F902-705FFAD20779</generatorID>
<ownerDesignName>modelagem</ownerDesignName>
<useDomainConstraints>false</useDomainConstraints>
<use>1</use>
<logicalDatatype>LOGDT024</logicalDatatype>
<dataTypeSize>20</dataTypeSize>
<ownDataTypeParameters>,,</ownDataTypeParameters>
<previousColumn>false</previousColumn>
<autoIncrementCycle>false</autoIncrementCycle>
<associations>
<colAssociation fkAssociation="41B2F06E-10D0-2976-F6B3-ED87C9C2F84A" referredColumn="07852D0D-AAD5-6478-0AF3-52FE39DD32C7"/>
</associations>
</Column>
<Column name="T_HT_CUSTOMER_T_HT_PERSON_id_person" id="BE81D1C4-D107-83F2-331B-EB38BBB09522">
<createdBy>leoru</createdBy>
<createdTime>2022-05-23 22:20:36 UTC</createdTime>
<generatorID>AE5AA918-7144-17F3-FC7A-5381C8CAB84A</generatorID>
<ownerDesignName>modelagem</ownerDesignName>
<useDomainConstraints>false</useDomainConstraints>
<use>1</use>
<logicalDatatype>LOGDT027</logicalDatatype>
<ownDataTypeParameters>,,</ownDataTypeParameters>
<previousColumn>false</previousColumn>
<autoIncrementCycle>false</autoIncrementCycle>
<associations>
<colAssociation fkAssociation="6F61AAA3-191C-7804-5DCD-F7593570C17B" referredColumn="6160C22F-3802-EE5F-6DA7-441A1312FA69"/>
</associations>
</Column>
<Column name="T_HT_APPOINTMENT_id_appointment" id="2FC2B7BC-7A1E-801C-EB31-665A3AFF14E8">
<createdBy>leoru</createdBy>
<createdTime>2022-05-23 22:20:36 UTC</createdTime>
<generatorID>259168F0-DF93-0544-F76D-C65D4624AA24</generatorID>
<ownerDesignName>modelagem</ownerDesignName>
<useDomainConstraints>false</useDomainConstraints>
<use>1</use>
<logicalDatatype>LOGDT027</logicalDatatype>
<ownDataTypeParameters>,,</ownDataTypeParameters>
<previousColumn>false</previousColumn>
<autoIncrementCycle>false</autoIncrementCycle>
<associations>
<colAssociation fkAssociation="98C82F13-32D7-A8BD-E28F-5D35EEA46AF5" referredColumn="91C1680E-CE77-C32B-AF37-62F083BF3D8D"/>
</associations>
</Column>
</columns>
<indexes itemClass="oracle.dbtools.crest.model.design.relational.Index">
<ind_PK_UK id="49B89CAD-95C1-CB16-769B-D9446C224B26" name="T_HT_DIET_PK">
<createdBy>leoru</createdBy>
<createdTime>2022-05-23 22:20:36 UTC</createdTime>
<generatorID>93787E4F-0848-A82F-7F83-5F5EF0AB83BC</generatorID>
<ownerDesignName>modelagem</ownerDesignName>
<pk>true</pk>
<indexState>Primary Constraint</indexState>
<isSurrogateKey>false</isSurrogateKey>
<indexColumnUsage>
<colUsage columnID="FAA1FFC1-EA2D-6F1F-0817-051210C5ED2D"/>
</indexColumnUsage>
</ind_PK_UK>
<ind_PK_UK id="B161407E-698B-06F6-0232-5082BC9D8541" name="T_HT_DIET__IDX">
<createdBy>leoru</createdBy>
<createdTime>2022-05-23 22:20:36 UTC</createdTime>
<ownerDesignName>modelagem</ownerDesignName>
<indexState>Unique Plain Index</indexState>
<isSurrogateKey>false</isSurrogateKey>
<relationGeneratorID>4E98D381-D5BD-F528-1AB5-49DF439AA4AD</relationGeneratorID>
<indexColumnUsage>
<colUsage columnID="2FC2B7BC-7A1E-801C-EB31-665A3AFF14E8"/>
</indexColumnUsage>
</ind_PK_UK>
<ind_PK_UK id="5ED946C5-450B-825E-3AC7-C04C16F3D64B" name="T_HT_DIET_T_HT_NUTRITIONIST_FK">
<createdBy>leoru</createdBy>
<createdTime>2022-05-23 22:20:36 UTC</createdTime>
<generatorID>B9670A0D-A07D-1618-1596-32007AB5C23B</generatorID>
<ownerDesignName>modelagem</ownerDesignName>
<indexState>Foreign Key</indexState>
<isSurrogateKey>false</isSurrogateKey>
<indexColumnUsage>
<colUsage columnID="4582F7C2-A434-EC77-9376-B4E4613DC16E"/>
</indexColumnUsage>
</ind_PK_UK>
<ind_PK_UK id="8A20446B-3205-30B3-F265-380434A8A6DF" name="T_HT_DIET_T_HT_APPOINTMENT_FK">
<createdBy>leoru</createdBy>
<createdTime>2022-05-23 22:20:36 UTC</createdTime>
<generatorID>4E98D381-D5BD-F528-1AB5-49DF439AA4AD</generatorID>
<ownerDesignName>modelagem</ownerDesignName>
<indexState>Foreign Key</indexState>
<isSurrogateKey>false</isSurrogateKey>
<indexColumnUsage>
<colUsage columnID="2FC2B7BC-7A1E-801C-EB31-665A3AFF14E8"/>
</indexColumnUsage>
</ind_PK_UK>
<ind_PK_UK id="0467C13E-0C01-FB63-BC21-3DFE928BB9EC" name="T_HT_DIET_T_HT_CUSTOMER_FK">
<createdBy>leoru</createdBy>
<createdTime>2022-05-23 22:20:36 UTC</createdTime>
<generatorID>60FC517F-8099-B702-DC3D-A058C0F77BA7</generatorID>
<ownerDesignName>modelagem</ownerDesignName>
<indexState>Foreign Key</indexState>
<isSurrogateKey>false</isSurrogateKey>
<indexColumnUsage>
<colUsage columnID="BE81D1C4-D107-83F2-331B-EB38BBB09522"/>
</indexColumnUsage>
</ind_PK_UK>
</indexes>
</Table>