<?xml version = '1.0' encoding = 'UTF-8'?>
<Table class="oracle.dbtools.crest.model.design.relational.Table" directorySegmentName="seg_0" id="B636778C-34C1-13A1-4A08-7F41CB617F16" name="T_HT_WEIGHT_RECORD">
<createdBy>leoru</createdBy>
<createdTime>2022-05-23 22:20:36 UTC</createdTime>
<generatorID>312DEAF4-6F6A-8A95-8014-7105D9AA9231</generatorID>
<ownerDesignName>modelagem</ownerDesignName>
<allowColumnReorder>false</allowColumnReorder>
<existDependencyGenerateInDDl>true</existDependencyGenerateInDDl>
<parsed>true</parsed>
<columns itemClass="oracle.dbtools.crest.model.design.relational.Column">
<Column name="id_weight_record" id="69A5CFEA-AEA5-A119-2FFF-10B793DBEFC7">
<createdBy>leoru</createdBy>
<createdTime>2022-05-23 22:20:36 UTC</createdTime>
<generatorID>AC14ABF2-493D-4542-CC9A-9AC9C630F278</generatorID>
<ownerDesignName>modelagem</ownerDesignName>
<useDomainConstraints>false</useDomainConstraints>
<use>1</use>
<logicalDatatype>LOGDT027</logicalDatatype>
<ownDataTypeParameters>,,</ownDataTypeParameters>
<autoIncrementCycle>false</autoIncrementCycle>
</Column>
<Column name="T_HT_CUSTOMER_id_person" id="5F422608-0658-477C-C1DE-7D5227FE4B90">
<createdBy>leoru</createdBy>
<createdTime>2022-05-23 22:20:36 UTC</createdTime>
<generatorID>327B7C18-9D6F-DF0D-D162-B132BB3492A4</generatorID>
<ownerDesignName>modelagem</ownerDesignName>
<useDomainConstraints>false</useDomainConstraints>
<use>1</use>
<logicalDatatype>LOGDT027</logicalDatatype>
<ownDataTypeParameters>,,</ownDataTypeParameters>
<previousColumn>false</previousColumn>
<autoIncrementCycle>false</autoIncrementCycle>
<associations>
<colAssociation fkAssociation="582184B2-BE5F-9BBB-6EA3-737AF01DD6DE" referredColumn="6160C22F-3802-EE5F-6DA7-441A1312FA69"/>
</associations>
</Column>
<Column name="dt_date_record" id="B7AA4AA9-63A0-3873-BFAE-C46F3B19448F">
<createdBy>leoru</createdBy>
<createdTime>2022-05-23 22:20:36 UTC</createdTime>
<generatorID>ECA82BE0-C4C5-A59C-0DE3-DAF202312581</generatorID>
<ownerDesignName>modelagem</ownerDesignName>
<useDomainConstraints>false</useDomainConstraints>
<use>1</use>
<logicalDatatype>LOGDT007</logicalDatatype>
<ownDataTypeParameters>,,</ownDataTypeParameters>
<autoIncrementCycle>false</autoIncrementCycle>
</Column>
<Column name="vl_weight" id="23AB2943-F6DC-C49C-C703-1A0AAC2B3778">
<createdBy>leoru</createdBy>
<createdTime>2022-05-23 22:20:36 UTC</createdTime>
<generatorID>15BA6638-9A38-1234-AF98-BD6F3D92481F</generatorID>
<ownerDesignName>modelagem</ownerDesignName>
<nullsAllowed>true</nullsAllowed>
<useDomainConstraints>false</useDomainConstraints>
<use>1</use>
<logicalDatatype>LOGDT021</logicalDatatype>
<ownDataTypeParameters>,,</ownDataTypeParameters>
<autoIncrementCycle>false</autoIncrementCycle>
</Column>
</columns>
<indexes itemClass="oracle.dbtools.crest.model.design.relational.Index">
<ind_PK_UK id="0740DA0E-57DF-2FD5-5678-1A848423062F" name="T_HT_WEIGHT_RECORD_PK">
<createdBy>leoru</createdBy>
<createdTime>2022-05-23 22:20:36 UTC</createdTime>
<generatorID>72473BBB-F4F5-3B0A-6C37-42E499DA2F4C</generatorID>
<ownerDesignName>modelagem</ownerDesignName>
<pk>true</pk>
<indexState>Primary Constraint</indexState>
<isSurrogateKey>false</isSurrogateKey>
<indexColumnUsage>
<colUsage columnID="69A5CFEA-AEA5-A119-2FFF-10B793DBEFC7"/>
</indexColumnUsage>
</ind_PK_UK>
<ind_PK_UK id="62BD092A-FBFE-68F4-5973-A4C773A63727" name="T_HT_WEIGHT_RECORD_T_HT_CUSTOMER_FK">
<createdBy>leoru</createdBy>
<createdTime>2022-05-23 22:20:36 UTC</createdTime>
<generatorID>E8E1188F-3FE8-E399-A0DB-B544C78BE180</generatorID>
<ownerDesignName>modelagem</ownerDesignName>
<indexState>Foreign Key</indexState>
<isSurrogateKey>false</isSurrogateKey>
<indexColumnUsage>
<colUsage columnID="5F422608-0658-477C-C1DE-7D5227FE4B90"/>
</indexColumnUsage>
</ind_PK_UK>
</indexes>
</Table>