<?xml version = '1.0' encoding = 'UTF-8'?>
<Table class="oracle.dbtools.crest.model.design.relational.Table" directorySegmentName="seg_0" id="BB423E4E-5A02-D48A-4753-154EC4700FF7" name="T_HT_INSTRUCTOR">
<createdBy>leoru</createdBy>
<createdTime>2022-05-23 22:20:36 UTC</createdTime>
<generatorID>22B51035-A907-3282-F6C7-3BF75C057372</generatorID>
<ownerDesignName>modelagem</ownerDesignName>
<allowColumnReorder>false</allowColumnReorder>
<existDependencyGenerateInDDl>true</existDependencyGenerateInDDl>
<parsed>true</parsed>
<columns itemClass="oracle.dbtools.crest.model.design.relational.Column">
<Column name="doc_cref" id="437BD668-E373-A1FF-1AFB-689F31C764F5">
<createdBy>leoru</createdBy>
<createdTime>2022-05-23 22:20:36 UTC</createdTime>
<generatorID>74B84508-70F0-93A2-361C-51436A87A8F1</generatorID>
<ownerDesignName>modelagem</ownerDesignName>
<useDomainConstraints>false</useDomainConstraints>
<use>1</use>
<logicalDatatype>LOGDT024</logicalDatatype>
<dataTypeSize>20</dataTypeSize>
<ownDataTypeParameters>20,,</ownDataTypeParameters>
<autoIncrementCycle>false</autoIncrementCycle>
</Column>
<Column name="T_HT_PERSON_id_person" id="05A0006A-73BA-87EA-FA01-B227025A98DA">
<createdBy>leoru</createdBy>
<createdTime>2022-05-23 22:20:36 UTC</createdTime>
<generatorID>86D2FE36-F54A-6110-D445-6B24D8D89072</generatorID>
<ownerDesignName>modelagem</ownerDesignName>
<useDomainConstraints>false</useDomainConstraints>
<use>1</use>
<logicalDatatype>LOGDT027</logicalDatatype>
<ownDataTypeParameters>,,</ownDataTypeParameters>
<previousColumn>false</previousColumn>
<autoIncrementCycle>false</autoIncrementCycle>
<associations>
<colAssociation fkAssociation="6313DF0E-BB74-69B4-7655-6A456CBA24D5" referredColumn="9784E1C4-5149-CAE8-FB91-79F759BF3646"/>
</associations>
</Column>
</columns>
<indexes itemClass="oracle.dbtools.crest.model.design.relational.Index">
<ind_PK_UK id="D91D9710-D65A-DC53-EE51-896CC669029C" name="T_HT_INSTRUCTOR_PK">
<createdBy>leoru</createdBy>
<createdTime>2022-05-23 22:20:36 UTC</createdTime>
<generatorID>B5F5FE7A-62FE-A939-6A85-EC7D56250D95</generatorID>
<ownerDesignName>modelagem</ownerDesignName>
<pk>true</pk>
<indexState>Primary Constraint</indexState>
<isSurrogateKey>false</isSurrogateKey>
<indexColumnUsage>
<colUsage columnID="437BD668-E373-A1FF-1AFB-689F31C764F5"/>
</indexColumnUsage>
</ind_PK_UK>
<ind_PK_UK id="3DA9881E-6F45-F652-DF0E-C0A0305090EB" name="T_HT_INSTRUCTOR__IDX">
<createdBy>leoru</createdBy>
<createdTime>2022-05-23 22:20:36 UTC</createdTime>
<ownerDesignName>modelagem</ownerDesignName>
<indexState>Unique Plain Index</indexState>
<isSurrogateKey>false</isSurrogateKey>
<relationGeneratorID>F51EC557-2DE5-FEC1-68B1-DFD3855D493D</relationGeneratorID>
<indexColumnUsage>
<colUsage columnID="05A0006A-73BA-87EA-FA01-B227025A98DA"/>
</indexColumnUsage>
</ind_PK_UK>
<ind_PK_UK id="09C940D2-68A8-342B-7A1F-5C03E5E9F39B" name="T_HT_INSTRUCTOR_T_HT_PERSON_FK">
<createdBy>leoru</createdBy>
<createdTime>2022-05-23 22:20:36 UTC</createdTime>
<generatorID>F51EC557-2DE5-FEC1-68B1-DFD3855D493D</generatorID>
<ownerDesignName>modelagem</ownerDesignName>
<indexState>Foreign Key</indexState>
<isSurrogateKey>false</isSurrogateKey>
<indexColumnUsage>
<colUsage columnID="05A0006A-73BA-87EA-FA01-B227025A98DA"/>
</indexColumnUsage>
</ind_PK_UK>
</indexes>
</Table>