<?xml version = '1.0' encoding = 'UTF-8'?>
<Table class="oracle.dbtools.crest.model.design.relational.Table" directorySegmentName="seg_0" id="DB3FFA79-698D-F224-A2FD-8817932A175E" name="T_HT_MEAL_OPTION">
<createdBy>leoru</createdBy>
<createdTime>2022-05-23 22:20:36 UTC</createdTime>
<generatorID>D8743627-7D01-B71C-E345-1F6F1335B78D</generatorID>
<ownerDesignName>modelagem</ownerDesignName>
<allowColumnReorder>false</allowColumnReorder>
<existDependencyGenerateInDDl>true</existDependencyGenerateInDDl>
<parsed>true</parsed>
<columns itemClass="oracle.dbtools.crest.model.design.relational.Column">
<Column name="id_meal_option" id="5BB8D019-F61B-5639-A1B7-4F0D74BB5B84">
<createdBy>leoru</createdBy>
<createdTime>2022-05-23 22:20:36 UTC</createdTime>
<generatorID>9A196EB7-9379-43A4-4925-6D39B01806E0</generatorID>
<ownerDesignName>modelagem</ownerDesignName>
<useDomainConstraints>false</useDomainConstraints>
<use>1</use>
<logicalDatatype>LOGDT027</logicalDatatype>
<ownDataTypeParameters>,,</ownDataTypeParameters>
<autoIncrementCycle>false</autoIncrementCycle>
</Column>
<Column name="ds_instructions" id="339E6C2E-7198-9F49-9C4D-1150AE3254D1">
<createdBy>leoru</createdBy>
<createdTime>2022-05-23 22:20:36 UTC</createdTime>
<generatorID>DAE72EE6-3656-CE8A-DD45-0CF5160FB96B</generatorID>
<ownerDesignName>modelagem</ownerDesignName>
<useDomainConstraints>false</useDomainConstraints>
<use>1</use>
<logicalDatatype>LOGDT024</logicalDatatype>
<dataTypeSize>400</dataTypeSize>
<ownDataTypeParameters>400,,</ownDataTypeParameters>
<autoIncrementCycle>false</autoIncrementCycle>
</Column>
</columns>
<indexes itemClass="oracle.dbtools.crest.model.design.relational.Index">
<ind_PK_UK id="83A792B4-BF17-2B6A-8435-8CF08A4DDBA5" name="T_HT_MEAL_OPTION_PK">
<createdBy>leoru</createdBy>
<createdTime>2022-05-23 22:20:36 UTC</createdTime>
<generatorID>ECB92D36-FE01-F959-DE08-345336416F3F</generatorID>
<ownerDesignName>modelagem</ownerDesignName>
<pk>true</pk>
<indexState>Primary Constraint</indexState>
<isSurrogateKey>false</isSurrogateKey>
<indexColumnUsage>
<colUsage columnID="5BB8D019-F61B-5639-A1B7-4F0D74BB5B84"/>
</indexColumnUsage>
</ind_PK_UK>
</indexes>
</Table>