<?xml version = '1.0' encoding = 'UTF-8'?>
<Diagram class="oracle.dbtools.crest.swingui.multidimensional.DPVMultidimensional" name="Multidimensional_1" id="3C5B0790-4035-AC18-114E-4DE9FA8D1A78">
<createdBy>leoru</createdBy>
<modifiedBy>leoru</modifiedBy>
<createdTime>2022-05-12 21:39:52 UTC</createdTime>
<autoRoute>false</autoRoute>
<boxInbox>true</boxInbox>
<showLegend>false</showLegend>
<showLabels>false</showLabels>
<showRelAttributes>false</showRelAttributes>
<gridEnabled>false</gridEnabled>
<showGrid>false</showGrid>
<diagramColor>-1</diagramColor>
<display>false</display>
<notation>1</notation>
<compactDiagram class="oracle.dbtools.crest.swingui.multidimensional.DPVCompactMultidimentional" name="Multidimensional_1 - Diagrama Compacto" id="6A5AC495-08A7-23AF-0DEC-122E872A8D27">
<createdBy>leoru</createdBy>
<modifiedBy>leoru</modifiedBy>
<createdTime>2022-05-12 21:39:52 UTC</createdTime>
<autoRoute>false</autoRoute>
<boxInbox>true</boxInbox>
<showLegend>false</showLegend>
<showLabels>false</showLabels>
<showRelAttributes>false</showRelAttributes>
<gridEnabled>false</gridEnabled>
<showGrid>false</showGrid>
<diagramColor>-1</diagramColor>
<display>false</display>
<notation>1</notation>
</compactDiagram>
</Diagram>